ID,Name,Nexus_File,rooted,type,method,scaling,Source
summary,TREE1,summary.trees,true,summary,bayesian,years,Birchall_et_al2016
posterior-1,STATE_18726000,posterior.trees,true,sample,bayesian,years,Birchall_et_al2016
posterior-2,STATE_18182000,posterior.trees,true,sample,bayesian,years,Birchall_et_al2016
posterior-3,STATE_12820000,posterior.trees,true,sample,bayesian,years,Birchall_et_al2016
posterior-4,STATE_15687000,posterior.trees,true,sample,bayesian,years,Birchall_et_al2016
posterior-5,STATE_13373000,posterior.trees,true,sample,bayesian,years,Birchall_et_al2016
posterior-6,STATE_16868000,posterior.trees,true,sample,bayesian,years,Birchall_et_al2016
posterior-7,STATE_12269000,posterior.trees,true,sample,bayesian,years,Birchall_et_al2016
posterior-8,STATE_15783000,posterior.trees,true,sample,bayesian,years,Birchall_et_al2016
posterior-9,STATE_11301000,posterior.trees,true,sample,bayesian,years,Birchall_et_al2016
posterior-10,STATE_16620000,posterior.trees,true,sample,bayesian,years,Birchall_et_al2016
posterior-11,STATE_17992000,posterior.trees,true,sample,bayesian,years,Birchall_et_al2016
posterior-12,STATE_16857000,posterior.trees,true,sample,bayesian,years,Birchall_et_al2016
posterior-13,STATE_18299000,posterior.trees,true,sample,bayesian,years,Birchall_et_al2016
posterior-14,STATE_14769000,posterior.trees,true,sample,bayesian,years,Birchall_et_al2016
posterior-15,STATE_13415000,posterior.trees,true,sample,bayesian,years,Birchall_et_al2016
posterior-16,STATE_18835000,posterior.trees,true,sample,bayesian,years,Birchall_et_al2016
posterior-17,STATE_18001000,posterior.trees,true,sample,bayesian,years,Birchall_et_al2016
posterior-18,STATE_18435000,posterior.trees,true,sample,bayesian,years,Birchall_et_al2016
posterior-19,STATE_11993000,posterior.trees,true,sample,bayesian,years,Birchall_et_al2016
posterior-20,STATE_18105000,posterior.trees,true,sample,bayesian,years,Birchall_et_al2016
posterior-21,STATE_12973000,posterior.trees,true,sample,bayesian,years,Birchall_et_al2016
posterior-22,STATE_16995000,posterior.trees,true,sample,bayesian,years,Birchall_et_al2016
posterior-23,STATE_17472000,posterior.trees,true,sample,bayesian,years,Birchall_et_al2016
posterior-24,STATE_13215000,posterior.trees,true,sample,bayesian,years,Birchall_et_al2016
posterior-25,STATE_17808000,posterior.trees,true,sample,bayesian,years,Birchall_et_al2016
posterior-26,STATE_16823000,posterior.trees,true,sample,bayesian,years,Birchall_et_al2016
posterior-27,STATE_13094000,posterior.trees,true,sample,bayesian,years,Birchall_et_al2016
posterior-28,STATE_10867000,posterior.trees,true,sample,bayesian,years,Birchall_et_al2016
posterior-29,STATE_12912000,posterior.trees,true,sample,bayesian,years,Birchall_et_al2016
posterior-30,STATE_18448000,posterior.trees,true,sample,bayesian,years,Birchall_et_al2016
posterior-31,STATE_12322000,posterior.trees,true,sample,bayesian,years,Birchall_et_al2016
posterior-32,STATE_19702000,posterior.trees,true,sample,bayesian,years,Birchall_et_al2016
posterior-33,STATE_11284000,posterior.trees,true,sample,bayesian,years,Birchall_et_al2016
posterior-34,STATE_12473000,posterior.trees,true,sample,bayesian,years,Birchall_et_al2016
posterior-35,STATE_18376000,posterior.trees,true,sample,bayesian,years,Birchall_et_al2016
posterior-36,STATE_18528000,posterior.trees,true,sample,bayesian,years,Birchall_et_al2016
posterior-37,STATE_15870000,posterior.trees,true,sample,bayesian,years,Birchall_et_al2016
posterior-38,STATE_10391000,posterior.trees,true,sample,bayesian,years,Birchall_et_al2016
posterior-39,STATE_10340000,posterior.trees,true,sample,bayesian,years,Birchall_et_al2016
posterior-40,STATE_10009000,posterior.trees,true,sample,bayesian,years,Birchall_et_al2016
posterior-41,STATE_15692000,posterior.trees,true,sample,bayesian,years,Birchall_et_al2016
posterior-42,STATE_11446000,posterior.trees,true,sample,bayesian,years,Birchall_et_al2016
posterior-43,STATE_14670000,posterior.trees,true,sample,bayesian,years,Birchall_et_al2016
posterior-44,STATE_14860000,posterior.trees,true,sample,bayesian,years,Birchall_et_al2016
posterior-45,STATE_15551000,posterior.trees,true,sample,bayesian,years,Birchall_et_al2016
posterior-46,STATE_16744000,posterior.trees,true,sample,bayesian,years,Birchall_et_al2016
posterior-47,STATE_17971000,posterior.trees,true,sample,bayesian,years,Birchall_et_al2016
posterior-48,STATE_17753000,posterior.trees,true,sample,bayesian,years,Birchall_et_al2016
posterior-49,STATE_13382000,posterior.trees,true,sample,bayesian,years,Birchall_et_al2016
posterior-50,STATE_16208000,posterior.trees,true,sample,bayesian,years,Birchall_et_al2016
posterior-51,STATE_11961000,posterior.trees,true,sample,bayesian,years,Birchall_et_al2016
posterior-52,STATE_13918000,posterior.trees,true,sample,bayesian,years,Birchall_et_al2016
posterior-53,STATE_16296000,posterior.trees,true,sample,bayesian,years,Birchall_et_al2016
posterior-54,STATE_14695000,posterior.trees,true,sample,bayesian,years,Birchall_et_al2016
posterior-55,STATE_12402000,posterior.trees,true,sample,bayesian,years,Birchall_et_al2016
posterior-56,STATE_12830000,posterior.trees,true,sample,bayesian,years,Birchall_et_al2016
posterior-57,STATE_12468000,posterior.trees,true,sample,bayesian,years,Birchall_et_al2016
posterior-58,STATE_10086000,posterior.trees,true,sample,bayesian,years,Birchall_et_al2016
posterior-59,STATE_10481000,posterior.trees,true,sample,bayesian,years,Birchall_et_al2016
posterior-60,STATE_17682000,posterior.trees,true,sample,bayesian,years,Birchall_et_al2016
posterior-61,STATE_10817000,posterior.trees,true,sample,bayesian,years,Birchall_et_al2016
posterior-62,STATE_11845000,posterior.trees,true,sample,bayesian,years,Birchall_et_al2016
posterior-63,STATE_17104000,posterior.trees,true,sample,bayesian,years,Birchall_et_al2016
posterior-64,STATE_18877000,posterior.trees,true,sample,bayesian,years,Birchall_et_al2016
posterior-65,STATE_14697000,posterior.trees,true,sample,bayesian,years,Birchall_et_al2016
posterior-66,STATE_17239000,posterior.trees,true,sample,bayesian,years,Birchall_et_al2016
posterior-67,STATE_14043000,posterior.trees,true,sample,bayesian,years,Birchall_et_al2016
posterior-68,STATE_19861000,posterior.trees,true,sample,bayesian,years,Birchall_et_al2016
posterior-69,STATE_13410000,posterior.trees,true,sample,bayesian,years,Birchall_et_al2016
posterior-70,STATE_10247000,posterior.trees,true,sample,bayesian,years,Birchall_et_al2016
posterior-71,STATE_15332000,posterior.trees,true,sample,bayesian,years,Birchall_et_al2016
posterior-72,STATE_18314000,posterior.trees,true,sample,bayesian,years,Birchall_et_al2016
posterior-73,STATE_12936000,posterior.trees,true,sample,bayesian,years,Birchall_et_al2016
posterior-74,STATE_16438000,posterior.trees,true,sample,bayesian,years,Birchall_et_al2016
posterior-75,STATE_16393000,posterior.trees,true,sample,bayesian,years,Birchall_et_al2016
posterior-76,STATE_14542000,posterior.trees,true,sample,bayesian,years,Birchall_et_al2016
posterior-77,STATE_15524000,posterior.trees,true,sample,bayesian,years,Birchall_et_al2016
posterior-78,STATE_11973000,posterior.trees,true,sample,bayesian,years,Birchall_et_al2016
posterior-79,STATE_13619000,posterior.trees,true,sample,bayesian,years,Birchall_et_al2016
posterior-80,STATE_17733000,posterior.trees,true,sample,bayesian,years,Birchall_et_al2016
posterior-81,STATE_16121000,posterior.trees,true,sample,bayesian,years,Birchall_et_al2016
posterior-82,STATE_15657000,posterior.trees,true,sample,bayesian,years,Birchall_et_al2016
posterior-83,STATE_13481000,posterior.trees,true,sample,bayesian,years,Birchall_et_al2016
posterior-84,STATE_19661000,posterior.trees,true,sample,bayesian,years,Birchall_et_al2016
posterior-85,STATE_10114000,posterior.trees,true,sample,bayesian,years,Birchall_et_al2016
posterior-86,STATE_16503000,posterior.trees,true,sample,bayesian,years,Birchall_et_al2016
posterior-87,STATE_11351000,posterior.trees,true,sample,bayesian,years,Birchall_et_al2016
posterior-88,STATE_15625000,posterior.trees,true,sample,bayesian,years,Birchall_et_al2016
posterior-89,STATE_18644000,posterior.trees,true,sample,bayesian,years,Birchall_et_al2016
posterior-90,STATE_12880000,posterior.trees,true,sample,bayesian,years,Birchall_et_al2016
posterior-91,STATE_12369000,posterior.trees,true,sample,bayesian,years,Birchall_et_al2016
posterior-92,STATE_14372000,posterior.trees,true,sample,bayesian,years,Birchall_et_al2016
posterior-93,STATE_14095000,posterior.trees,true,sample,bayesian,years,Birchall_et_al2016
posterior-94,STATE_10512000,posterior.trees,true,sample,bayesian,years,Birchall_et_al2016
posterior-95,STATE_16832000,posterior.trees,true,sample,bayesian,years,Birchall_et_al2016
posterior-96,STATE_11523000,posterior.trees,true,sample,bayesian,years,Birchall_et_al2016
posterior-97,STATE_10219000,posterior.trees,true,sample,bayesian,years,Birchall_et_al2016
posterior-98,STATE_13658000,posterior.trees,true,sample,bayesian,years,Birchall_et_al2016
posterior-99,STATE_18756000,posterior.trees,true,sample,bayesian,years,Birchall_et_al2016
posterior-100,STATE_19350000,posterior.trees,true,sample,bayesian,years,Birchall_et_al2016
posterior-101,STATE_11692000,posterior.trees,true,sample,bayesian,years,Birchall_et_al2016
posterior-102,STATE_17408000,posterior.trees,true,sample,bayesian,years,Birchall_et_al2016
posterior-103,STATE_11159000,posterior.trees,true,sample,bayesian,years,Birchall_et_al2016
posterior-104,STATE_15797000,posterior.trees,true,sample,bayesian,years,Birchall_et_al2016
posterior-105,STATE_14074000,posterior.trees,true,sample,bayesian,years,Birchall_et_al2016
posterior-106,STATE_13881000,posterior.trees,true,sample,bayesian,years,Birchall_et_al2016
posterior-107,STATE_11040000,posterior.trees,true,sample,bayesian,years,Birchall_et_al2016
posterior-108,STATE_11549000,posterior.trees,true,sample,bayesian,years,Birchall_et_al2016
posterior-109,STATE_14686000,posterior.trees,true,sample,bayesian,years,Birchall_et_al2016
posterior-110,STATE_13833000,posterior.trees,true,sample,bayesian,years,Birchall_et_al2016
posterior-111,STATE_17500000,posterior.trees,true,sample,bayesian,years,Birchall_et_al2016
posterior-112,STATE_10575000,posterior.trees,true,sample,bayesian,years,Birchall_et_al2016
posterior-113,STATE_14600000,posterior.trees,true,sample,bayesian,years,Birchall_et_al2016
posterior-114,STATE_11958000,posterior.trees,true,sample,bayesian,years,Birchall_et_al2016
posterior-115,STATE_13577000,posterior.trees,true,sample,bayesian,years,Birchall_et_al2016
posterior-116,STATE_11738000,posterior.trees,true,sample,bayesian,years,Birchall_et_al2016
posterior-117,STATE_11211000,posterior.trees,true,sample,bayesian,years,Birchall_et_al2016
posterior-118,STATE_19632000,posterior.trees,true,sample,bayesian,years,Birchall_et_al2016
posterior-119,STATE_11467000,posterior.trees,true,sample,bayesian,years,Birchall_et_al2016
posterior-120,STATE_11533000,posterior.trees,true,sample,bayesian,years,Birchall_et_al2016
posterior-121,STATE_11024000,posterior.trees,true,sample,bayesian,years,Birchall_et_al2016
posterior-122,STATE_13007000,posterior.trees,true,sample,bayesian,years,Birchall_et_al2016
posterior-123,STATE_15093000,posterior.trees,true,sample,bayesian,years,Birchall_et_al2016
posterior-124,STATE_19359000,posterior.trees,true,sample,bayesian,years,Birchall_et_al2016
posterior-125,STATE_19192000,posterior.trees,true,sample,bayesian,years,Birchall_et_al2016
posterior-126,STATE_16630000,posterior.trees,true,sample,bayesian,years,Birchall_et_al2016
posterior-127,STATE_17754000,posterior.trees,true,sample,bayesian,years,Birchall_et_al2016
posterior-128,STATE_18862000,posterior.trees,true,sample,bayesian,years,Birchall_et_al2016
posterior-129,STATE_13056000,posterior.trees,true,sample,bayesian,years,Birchall_et_al2016
posterior-130,STATE_14326000,posterior.trees,true,sample,bayesian,years,Birchall_et_al2016
posterior-131,STATE_16543000,posterior.trees,true,sample,bayesian,years,Birchall_et_al2016
posterior-132,STATE_15544000,posterior.trees,true,sample,bayesian,years,Birchall_et_al2016
posterior-133,STATE_11078000,posterior.trees,true,sample,bayesian,years,Birchall_et_al2016
posterior-134,STATE_13790000,posterior.trees,true,sample,bayesian,years,Birchall_et_al2016
posterior-135,STATE_10676000,posterior.trees,true,sample,bayesian,years,Birchall_et_al2016
posterior-136,STATE_18874000,posterior.trees,true,sample,bayesian,years,Birchall_et_al2016
posterior-137,STATE_16097000,posterior.trees,true,sample,bayesian,years,Birchall_et_al2016
posterior-138,STATE_12454000,posterior.trees,true,sample,bayesian,years,Birchall_et_al2016
posterior-139,STATE_17206000,posterior.trees,true,sample,bayesian,years,Birchall_et_al2016
posterior-140,STATE_10372000,posterior.trees,true,sample,bayesian,years,Birchall_et_al2016
posterior-141,STATE_12136000,posterior.trees,true,sample,bayesian,years,Birchall_et_al2016
posterior-142,STATE_14242000,posterior.trees,true,sample,bayesian,years,Birchall_et_al2016
posterior-143,STATE_17800000,posterior.trees,true,sample,bayesian,years,Birchall_et_al2016
posterior-144,STATE_12384000,posterior.trees,true,sample,bayesian,years,Birchall_et_al2016
posterior-145,STATE_12812000,posterior.trees,true,sample,bayesian,years,Birchall_et_al2016
posterior-146,STATE_10508000,posterior.trees,true,sample,bayesian,years,Birchall_et_al2016
posterior-147,STATE_14726000,posterior.trees,true,sample,bayesian,years,Birchall_et_al2016
posterior-148,STATE_13694000,posterior.trees,true,sample,bayesian,years,Birchall_et_al2016
posterior-149,STATE_18304000,posterior.trees,true,sample,bayesian,years,Birchall_et_al2016
posterior-150,STATE_14958000,posterior.trees,true,sample,bayesian,years,Birchall_et_al2016
posterior-151,STATE_13075000,posterior.trees,true,sample,bayesian,years,Birchall_et_al2016
posterior-152,STATE_14590000,posterior.trees,true,sample,bayesian,years,Birchall_et_al2016
posterior-153,STATE_13919000,posterior.trees,true,sample,bayesian,years,Birchall_et_al2016
posterior-154,STATE_18920000,posterior.trees,true,sample,bayesian,years,Birchall_et_al2016
posterior-155,STATE_14450000,posterior.trees,true,sample,bayesian,years,Birchall_et_al2016
posterior-156,STATE_17954000,posterior.trees,true,sample,bayesian,years,Birchall_et_al2016
posterior-157,STATE_14525000,posterior.trees,true,sample,bayesian,years,Birchall_et_al2016
posterior-158,STATE_19300000,posterior.trees,true,sample,bayesian,years,Birchall_et_al2016
posterior-159,STATE_17829000,posterior.trees,true,sample,bayesian,years,Birchall_et_al2016
posterior-160,STATE_18274000,posterior.trees,true,sample,bayesian,years,Birchall_et_al2016
posterior-161,STATE_11613000,posterior.trees,true,sample,bayesian,years,Birchall_et_al2016
posterior-162,STATE_12452000,posterior.trees,true,sample,bayesian,years,Birchall_et_al2016
posterior-163,STATE_10826000,posterior.trees,true,sample,bayesian,years,Birchall_et_al2016
posterior-164,STATE_16449000,posterior.trees,true,sample,bayesian,years,Birchall_et_al2016
posterior-165,STATE_16187000,posterior.trees,true,sample,bayesian,years,Birchall_et_al2016
posterior-166,STATE_10041000,posterior.trees,true,sample,bayesian,years,Birchall_et_al2016
posterior-167,STATE_14057000,posterior.trees,true,sample,bayesian,years,Birchall_et_al2016
posterior-168,STATE_13403000,posterior.trees,true,sample,bayesian,years,Birchall_et_al2016
posterior-169,STATE_11478000,posterior.trees,true,sample,bayesian,years,Birchall_et_al2016
posterior-170,STATE_17307000,posterior.trees,true,sample,bayesian,years,Birchall_et_al2016
posterior-171,STATE_14310000,posterior.trees,true,sample,bayesian,years,Birchall_et_al2016
posterior-172,STATE_19749000,posterior.trees,true,sample,bayesian,years,Birchall_et_al2016
posterior-173,STATE_13837000,posterior.trees,true,sample,bayesian,years,Birchall_et_al2016
posterior-174,STATE_18032000,posterior.trees,true,sample,bayesian,years,Birchall_et_al2016
posterior-175,STATE_12165000,posterior.trees,true,sample,bayesian,years,Birchall_et_al2016
posterior-176,STATE_14017000,posterior.trees,true,sample,bayesian,years,Birchall_et_al2016
posterior-177,STATE_11552000,posterior.trees,true,sample,bayesian,years,Birchall_et_al2016
posterior-178,STATE_18645000,posterior.trees,true,sample,bayesian,years,Birchall_et_al2016
posterior-179,STATE_16806000,posterior.trees,true,sample,bayesian,years,Birchall_et_al2016
posterior-180,STATE_16494000,posterior.trees,true,sample,bayesian,years,Birchall_et_al2016
posterior-181,STATE_17975000,posterior.trees,true,sample,bayesian,years,Birchall_et_al2016
posterior-182,STATE_10794000,posterior.trees,true,sample,bayesian,years,Birchall_et_al2016
posterior-183,STATE_13087000,posterior.trees,true,sample,bayesian,years,Birchall_et_al2016
posterior-184,STATE_14068000,posterior.trees,true,sample,bayesian,years,Birchall_et_al2016
posterior-185,STATE_17422000,posterior.trees,true,sample,bayesian,years,Birchall_et_al2016
posterior-186,STATE_10889000,posterior.trees,true,sample,bayesian,years,Birchall_et_al2016
posterior-187,STATE_13241000,posterior.trees,true,sample,bayesian,years,Birchall_et_al2016
posterior-188,STATE_14526000,posterior.trees,true,sample,bayesian,years,Birchall_et_al2016
posterior-189,STATE_10420000,posterior.trees,true,sample,bayesian,years,Birchall_et_al2016
posterior-190,STATE_12802000,posterior.trees,true,sample,bayesian,years,Birchall_et_al2016
posterior-191,STATE_17944000,posterior.trees,true,sample,bayesian,years,Birchall_et_al2016
posterior-192,STATE_10210000,posterior.trees,true,sample,bayesian,years,Birchall_et_al2016
posterior-193,STATE_16948000,posterior.trees,true,sample,bayesian,years,Birchall_et_al2016
posterior-194,STATE_18201000,posterior.trees,true,sample,bayesian,years,Birchall_et_al2016
posterior-195,STATE_11391000,posterior.trees,true,sample,bayesian,years,Birchall_et_al2016
posterior-196,STATE_12622000,posterior.trees,true,sample,bayesian,years,Birchall_et_al2016
posterior-197,STATE_18477000,posterior.trees,true,sample,bayesian,years,Birchall_et_al2016
posterior-198,STATE_17138000,posterior.trees,true,sample,bayesian,years,Birchall_et_al2016
posterior-199,STATE_15623000,posterior.trees,true,sample,bayesian,years,Birchall_et_al2016
posterior-200,STATE_14640000,posterior.trees,true,sample,bayesian,years,Birchall_et_al2016
posterior-201,STATE_15895000,posterior.trees,true,sample,bayesian,years,Birchall_et_al2016
posterior-202,STATE_10199000,posterior.trees,true,sample,bayesian,years,Birchall_et_al2016
posterior-203,STATE_19058000,posterior.trees,true,sample,bayesian,years,Birchall_et_al2016
posterior-204,STATE_17690000,posterior.trees,true,sample,bayesian,years,Birchall_et_al2016
posterior-205,STATE_16308000,posterior.trees,true,sample,bayesian,years,Birchall_et_al2016
posterior-206,STATE_14423000,posterior.trees,true,sample,bayesian,years,Birchall_et_al2016
posterior-207,STATE_18566000,posterior.trees,true,sample,bayesian,years,Birchall_et_al2016
posterior-208,STATE_11044000,posterior.trees,true,sample,bayesian,years,Birchall_et_al2016
posterior-209,STATE_15745000,posterior.trees,true,sample,bayesian,years,Birchall_et_al2016
posterior-210,STATE_15624000,posterior.trees,true,sample,bayesian,years,Birchall_et_al2016
posterior-211,STATE_10373000,posterior.trees,true,sample,bayesian,years,Birchall_et_al2016
posterior-212,STATE_18440000,posterior.trees,true,sample,bayesian,years,Birchall_et_al2016
posterior-213,STATE_19134000,posterior.trees,true,sample,bayesian,years,Birchall_et_al2016
posterior-214,STATE_17549000,posterior.trees,true,sample,bayesian,years,Birchall_et_al2016
posterior-215,STATE_10416000,posterior.trees,true,sample,bayesian,years,Birchall_et_al2016
posterior-216,STATE_11827000,posterior.trees,true,sample,bayesian,years,Birchall_et_al2016
posterior-217,STATE_17420000,posterior.trees,true,sample,bayesian,years,Birchall_et_al2016
posterior-218,STATE_14146000,posterior.trees,true,sample,bayesian,years,Birchall_et_al2016
posterior-219,STATE_11376000,posterior.trees,true,sample,bayesian,years,Birchall_et_al2016
posterior-220,STATE_18067000,posterior.trees,true,sample,bayesian,years,Birchall_et_al2016
posterior-221,STATE_15484000,posterior.trees,true,sample,bayesian,years,Birchall_et_al2016
posterior-222,STATE_11302000,posterior.trees,true,sample,bayesian,years,Birchall_et_al2016
posterior-223,STATE_13850000,posterior.trees,true,sample,bayesian,years,Birchall_et_al2016
posterior-224,STATE_19712000,posterior.trees,true,sample,bayesian,years,Birchall_et_al2016
posterior-225,STATE_19065000,posterior.trees,true,sample,bayesian,years,Birchall_et_al2016
posterior-226,STATE_11405000,posterior.trees,true,sample,bayesian,years,Birchall_et_al2016
posterior-227,STATE_14796000,posterior.trees,true,sample,bayesian,years,Birchall_et_al2016
posterior-228,STATE_15634000,posterior.trees,true,sample,bayesian,years,Birchall_et_al2016
posterior-229,STATE_11246000,posterior.trees,true,sample,bayesian,years,Birchall_et_al2016
posterior-230,STATE_12362000,posterior.trees,true,sample,bayesian,years,Birchall_et_al2016
posterior-231,STATE_16639000,posterior.trees,true,sample,bayesian,years,Birchall_et_al2016
posterior-232,STATE_15782000,posterior.trees,true,sample,bayesian,years,Birchall_et_al2016
posterior-233,STATE_12822000,posterior.trees,true,sample,bayesian,years,Birchall_et_al2016
posterior-234,STATE_11901000,posterior.trees,true,sample,bayesian,years,Birchall_et_al2016
posterior-235,STATE_15171000,posterior.trees,true,sample,bayesian,years,Birchall_et_al2016
posterior-236,STATE_16142000,posterior.trees,true,sample,bayesian,years,Birchall_et_al2016
posterior-237,STATE_15422000,posterior.trees,true,sample,bayesian,years,Birchall_et_al2016
posterior-238,STATE_16267000,posterior.trees,true,sample,bayesian,years,Birchall_et_al2016
posterior-239,STATE_16489000,posterior.trees,true,sample,bayesian,years,Birchall_et_al2016
posterior-240,STATE_13916000,posterior.trees,true,sample,bayesian,years,Birchall_et_al2016
posterior-241,STATE_13171000,posterior.trees,true,sample,bayesian,years,Birchall_et_al2016
posterior-242,STATE_11527000,posterior.trees,true,sample,bayesian,years,Birchall_et_al2016
posterior-243,STATE_19284000,posterior.trees,true,sample,bayesian,years,Birchall_et_al2016
posterior-244,STATE_17650000,posterior.trees,true,sample,bayesian,years,Birchall_et_al2016
posterior-245,STATE_12505000,posterior.trees,true,sample,bayesian,years,Birchall_et_al2016
posterior-246,STATE_15796000,posterior.trees,true,sample,bayesian,years,Birchall_et_al2016
posterior-247,STATE_12564000,posterior.trees,true,sample,bayesian,years,Birchall_et_al2016
posterior-248,STATE_16719000,posterior.trees,true,sample,bayesian,years,Birchall_et_al2016
posterior-249,STATE_12095000,posterior.trees,true,sample,bayesian,years,Birchall_et_al2016
posterior-250,STATE_17807000,posterior.trees,true,sample,bayesian,years,Birchall_et_al2016
posterior-251,STATE_11814000,posterior.trees,true,sample,bayesian,years,Birchall_et_al2016
posterior-252,STATE_12416000,posterior.trees,true,sample,bayesian,years,Birchall_et_al2016
posterior-253,STATE_12370000,posterior.trees,true,sample,bayesian,years,Birchall_et_al2016
posterior-254,STATE_17475000,posterior.trees,true,sample,bayesian,years,Birchall_et_al2016
posterior-255,STATE_11649000,posterior.trees,true,sample,bayesian,years,Birchall_et_al2016
posterior-256,STATE_11564000,posterior.trees,true,sample,bayesian,years,Birchall_et_al2016
posterior-257,STATE_10447000,posterior.trees,true,sample,bayesian,years,Birchall_et_al2016
posterior-258,STATE_16633000,posterior.trees,true,sample,bayesian,years,Birchall_et_al2016
posterior-259,STATE_10657000,posterior.trees,true,sample,bayesian,years,Birchall_et_al2016
posterior-260,STATE_19898000,posterior.trees,true,sample,bayesian,years,Birchall_et_al2016
posterior-261,STATE_11550000,posterior.trees,true,sample,bayesian,years,Birchall_et_al2016
posterior-262,STATE_13189000,posterior.trees,true,sample,bayesian,years,Birchall_et_al2016
posterior-263,STATE_10808000,posterior.trees,true,sample,bayesian,years,Birchall_et_al2016
posterior-264,STATE_10566000,posterior.trees,true,sample,bayesian,years,Birchall_et_al2016
posterior-265,STATE_15639000,posterior.trees,true,sample,bayesian,years,Birchall_et_al2016
posterior-266,STATE_17135000,posterior.trees,true,sample,bayesian,years,Birchall_et_al2016
posterior-267,STATE_10477000,posterior.trees,true,sample,bayesian,years,Birchall_et_al2016
posterior-268,STATE_10052000,posterior.trees,true,sample,bayesian,years,Birchall_et_al2016
posterior-269,STATE_11372000,posterior.trees,true,sample,bayesian,years,Birchall_et_al2016
posterior-270,STATE_15192000,posterior.trees,true,sample,bayesian,years,Birchall_et_al2016
posterior-271,STATE_19432000,posterior.trees,true,sample,bayesian,years,Birchall_et_al2016
posterior-272,STATE_12721000,posterior.trees,true,sample,bayesian,years,Birchall_et_al2016
posterior-273,STATE_12274000,posterior.trees,true,sample,bayesian,years,Birchall_et_al2016
posterior-274,STATE_18543000,posterior.trees,true,sample,bayesian,years,Birchall_et_al2016
posterior-275,STATE_19740000,posterior.trees,true,sample,bayesian,years,Birchall_et_al2016
posterior-276,STATE_13465000,posterior.trees,true,sample,bayesian,years,Birchall_et_al2016
posterior-277,STATE_11083000,posterior.trees,true,sample,bayesian,years,Birchall_et_al2016
posterior-278,STATE_11480000,posterior.trees,true,sample,bayesian,years,Birchall_et_al2016
posterior-279,STATE_11396000,posterior.trees,true,sample,bayesian,years,Birchall_et_al2016
posterior-280,STATE_15610000,posterior.trees,true,sample,bayesian,years,Birchall_et_al2016
posterior-281,STATE_17537000,posterior.trees,true,sample,bayesian,years,Birchall_et_al2016
posterior-282,STATE_18047000,posterior.trees,true,sample,bayesian,years,Birchall_et_al2016
posterior-283,STATE_12184000,posterior.trees,true,sample,bayesian,years,Birchall_et_al2016
posterior-284,STATE_13728000,posterior.trees,true,sample,bayesian,years,Birchall_et_al2016
posterior-285,STATE_15880000,posterior.trees,true,sample,bayesian,years,Birchall_et_al2016
posterior-286,STATE_16431000,posterior.trees,true,sample,bayesian,years,Birchall_et_al2016
posterior-287,STATE_14991000,posterior.trees,true,sample,bayesian,years,Birchall_et_al2016
posterior-288,STATE_15152000,posterior.trees,true,sample,bayesian,years,Birchall_et_al2016
posterior-289,STATE_14553000,posterior.trees,true,sample,bayesian,years,Birchall_et_al2016
posterior-290,STATE_17028000,posterior.trees,true,sample,bayesian,years,Birchall_et_al2016
posterior-291,STATE_18958000,posterior.trees,true,sample,bayesian,years,Birchall_et_al2016
posterior-292,STATE_13321000,posterior.trees,true,sample,bayesian,years,Birchall_et_al2016
posterior-293,STATE_11726000,posterior.trees,true,sample,bayesian,years,Birchall_et_al2016
posterior-294,STATE_19213000,posterior.trees,true,sample,bayesian,years,Birchall_et_al2016
posterior-295,STATE_19904000,posterior.trees,true,sample,bayesian,years,Birchall_et_al2016
posterior-296,STATE_14806000,posterior.trees,true,sample,bayesian,years,Birchall_et_al2016
posterior-297,STATE_19411000,posterior.trees,true,sample,bayesian,years,Birchall_et_al2016
posterior-298,STATE_13377000,posterior.trees,true,sample,bayesian,years,Birchall_et_al2016
posterior-299,STATE_12720000,posterior.trees,true,sample,bayesian,years,Birchall_et_al2016
posterior-300,STATE_18022000,posterior.trees,true,sample,bayesian,years,Birchall_et_al2016
posterior-301,STATE_11056000,posterior.trees,true,sample,bayesian,years,Birchall_et_al2016
posterior-302,STATE_18457000,posterior.trees,true,sample,bayesian,years,Birchall_et_al2016
posterior-303,STATE_10264000,posterior.trees,true,sample,bayesian,years,Birchall_et_al2016
posterior-304,STATE_12645000,posterior.trees,true,sample,bayesian,years,Birchall_et_al2016
posterior-305,STATE_10095000,posterior.trees,true,sample,bayesian,years,Birchall_et_al2016
posterior-306,STATE_14812000,posterior.trees,true,sample,bayesian,years,Birchall_et_al2016
posterior-307,STATE_17681000,posterior.trees,true,sample,bayesian,years,Birchall_et_al2016
posterior-308,STATE_18574000,posterior.trees,true,sample,bayesian,years,Birchall_et_al2016
posterior-309,STATE_13022000,posterior.trees,true,sample,bayesian,years,Birchall_et_al2016
posterior-310,STATE_18735000,posterior.trees,true,sample,bayesian,years,Birchall_et_al2016
posterior-311,STATE_13243000,posterior.trees,true,sample,bayesian,years,Birchall_et_al2016
posterior-312,STATE_16403000,posterior.trees,true,sample,bayesian,years,Birchall_et_al2016
posterior-313,STATE_12613000,posterior.trees,true,sample,bayesian,years,Birchall_et_al2016
posterior-314,STATE_15754000,posterior.trees,true,sample,bayesian,years,Birchall_et_al2016
posterior-315,STATE_12697000,posterior.trees,true,sample,bayesian,years,Birchall_et_al2016
posterior-316,STATE_13476000,posterior.trees,true,sample,bayesian,years,Birchall_et_al2016
posterior-317,STATE_16592000,posterior.trees,true,sample,bayesian,years,Birchall_et_al2016
posterior-318,STATE_13044000,posterior.trees,true,sample,bayesian,years,Birchall_et_al2016
posterior-319,STATE_17131000,posterior.trees,true,sample,bayesian,years,Birchall_et_al2016
posterior-320,STATE_16556000,posterior.trees,true,sample,bayesian,years,Birchall_et_al2016
posterior-321,STATE_15576000,posterior.trees,true,sample,bayesian,years,Birchall_et_al2016
posterior-322,STATE_16020000,posterior.trees,true,sample,bayesian,years,Birchall_et_al2016
posterior-323,STATE_12687000,posterior.trees,true,sample,bayesian,years,Birchall_et_al2016
posterior-324,STATE_19197000,posterior.trees,true,sample,bayesian,years,Birchall_et_al2016
posterior-325,STATE_12309000,posterior.trees,true,sample,bayesian,years,Birchall_et_al2016
posterior-326,STATE_18849000,posterior.trees,true,sample,bayesian,years,Birchall_et_al2016
posterior-327,STATE_14341000,posterior.trees,true,sample,bayesian,years,Birchall_et_al2016
posterior-328,STATE_10359000,posterior.trees,true,sample,bayesian,years,Birchall_et_al2016
posterior-329,STATE_18588000,posterior.trees,true,sample,bayesian,years,Birchall_et_al2016
posterior-330,STATE_12341000,posterior.trees,true,sample,bayesian,years,Birchall_et_al2016
posterior-331,STATE_17241000,posterior.trees,true,sample,bayesian,years,Birchall_et_al2016
posterior-332,STATE_18790000,posterior.trees,true,sample,bayesian,years,Birchall_et_al2016
posterior-333,STATE_19555000,posterior.trees,true,sample,bayesian,years,Birchall_et_al2016
posterior-334,STATE_19863000,posterior.trees,true,sample,bayesian,years,Birchall_et_al2016
posterior-335,STATE_14808000,posterior.trees,true,sample,bayesian,years,Birchall_et_al2016
posterior-336,STATE_13046000,posterior.trees,true,sample,bayesian,years,Birchall_et_al2016
posterior-337,STATE_18424000,posterior.trees,true,sample,bayesian,years,Birchall_et_al2016
posterior-338,STATE_12474000,posterior.trees,true,sample,bayesian,years,Birchall_et_al2016
posterior-339,STATE_19022000,posterior.trees,true,sample,bayesian,years,Birchall_et_al2016
posterior-340,STATE_11483000,posterior.trees,true,sample,bayesian,years,Birchall_et_al2016
posterior-341,STATE_13026000,posterior.trees,true,sample,bayesian,years,Birchall_et_al2016
posterior-342,STATE_14144000,posterior.trees,true,sample,bayesian,years,Birchall_et_al2016
posterior-343,STATE_11608000,posterior.trees,true,sample,bayesian,years,Birchall_et_al2016
posterior-344,STATE_16911000,posterior.trees,true,sample,bayesian,years,Birchall_et_al2016
posterior-345,STATE_10983000,posterior.trees,true,sample,bayesian,years,Birchall_et_al2016
posterior-346,STATE_13340000,posterior.trees,true,sample,bayesian,years,Birchall_et_al2016
posterior-347,STATE_18551000,posterior.trees,true,sample,bayesian,years,Birchall_et_al2016
posterior-348,STATE_17060000,posterior.trees,true,sample,bayesian,years,Birchall_et_al2016
posterior-349,STATE_10023000,posterior.trees,true,sample,bayesian,years,Birchall_et_al2016
posterior-350,STATE_13971000,posterior.trees,true,sample,bayesian,years,Birchall_et_al2016
posterior-351,STATE_10525000,posterior.trees,true,sample,bayesian,years,Birchall_et_al2016
posterior-352,STATE_18561000,posterior.trees,true,sample,bayesian,years,Birchall_et_al2016
posterior-353,STATE_14363000,posterior.trees,true,sample,bayesian,years,Birchall_et_al2016
posterior-354,STATE_19142000,posterior.trees,true,sample,bayesian,years,Birchall_et_al2016
posterior-355,STATE_10555000,posterior.trees,true,sample,bayesian,years,Birchall_et_al2016
posterior-356,STATE_19397000,posterior.trees,true,sample,bayesian,years,Birchall_et_al2016
posterior-357,STATE_14523000,posterior.trees,true,sample,bayesian,years,Birchall_et_al2016
posterior-358,STATE_13193000,posterior.trees,true,sample,bayesian,years,Birchall_et_al2016
posterior-359,STATE_16091000,posterior.trees,true,sample,bayesian,years,Birchall_et_al2016
posterior-360,STATE_14175000,posterior.trees,true,sample,bayesian,years,Birchall_et_al2016
posterior-361,STATE_13276000,posterior.trees,true,sample,bayesian,years,Birchall_et_al2016
posterior-362,STATE_14009000,posterior.trees,true,sample,bayesian,years,Birchall_et_al2016
posterior-363,STATE_12006000,posterior.trees,true,sample,bayesian,years,Birchall_et_al2016
posterior-364,STATE_11934000,posterior.trees,true,sample,bayesian,years,Birchall_et_al2016
posterior-365,STATE_16528000,posterior.trees,true,sample,bayesian,years,Birchall_et_al2016
posterior-366,STATE_11388000,posterior.trees,true,sample,bayesian,years,Birchall_et_al2016
posterior-367,STATE_12509000,posterior.trees,true,sample,bayesian,years,Birchall_et_al2016
posterior-368,STATE_19562000,posterior.trees,true,sample,bayesian,years,Birchall_et_al2016
posterior-369,STATE_13730000,posterior.trees,true,sample,bayesian,years,Birchall_et_al2016
posterior-370,STATE_18747000,posterior.trees,true,sample,bayesian,years,Birchall_et_al2016
posterior-371,STATE_15141000,posterior.trees,true,sample,bayesian,years,Birchall_et_al2016
posterior-372,STATE_15572000,posterior.trees,true,sample,bayesian,years,Birchall_et_al2016
posterior-373,STATE_10707000,posterior.trees,true,sample,bayesian,years,Birchall_et_al2016
posterior-374,STATE_15556000,posterior.trees,true,sample,bayesian,years,Birchall_et_al2016
posterior-375,STATE_11754000,posterior.trees,true,sample,bayesian,years,Birchall_et_al2016
posterior-376,STATE_15924000,posterior.trees,true,sample,bayesian,years,Birchall_et_al2016
posterior-377,STATE_11379000,posterior.trees,true,sample,bayesian,years,Birchall_et_al2016
posterior-378,STATE_13997000,posterior.trees,true,sample,bayesian,years,Birchall_et_al2016
posterior-379,STATE_16375000,posterior.trees,true,sample,bayesian,years,Birchall_et_al2016
posterior-380,STATE_19947000,posterior.trees,true,sample,bayesian,years,Birchall_et_al2016
posterior-381,STATE_14815000,posterior.trees,true,sample,bayesian,years,Birchall_et_al2016
posterior-382,STATE_19914000,posterior.trees,true,sample,bayesian,years,Birchall_et_al2016
posterior-383,STATE_12723000,posterior.trees,true,sample,bayesian,years,Birchall_et_al2016
posterior-384,STATE_19582000,posterior.trees,true,sample,bayesian,years,Birchall_et_al2016
posterior-385,STATE_18011000,posterior.trees,true,sample,bayesian,years,Birchall_et_al2016
posterior-386,STATE_12027000,posterior.trees,true,sample,bayesian,years,Birchall_et_al2016
posterior-387,STATE_17338000,posterior.trees,true,sample,bayesian,years,Birchall_et_al2016
posterior-388,STATE_18487000,posterior.trees,true,sample,bayesian,years,Birchall_et_al2016
posterior-389,STATE_11192000,posterior.trees,true,sample,bayesian,years,Birchall_et_al2016
posterior-390,STATE_19412000,posterior.trees,true,sample,bayesian,years,Birchall_et_al2016
posterior-391,STATE_17017000,posterior.trees,true,sample,bayesian,years,Birchall_et_al2016
posterior-392,STATE_14743000,posterior.trees,true,sample,bayesian,years,Birchall_et_al2016
posterior-393,STATE_14013000,posterior.trees,true,sample,bayesian,years,Birchall_et_al2016
posterior-394,STATE_12694000,posterior.trees,true,sample,bayesian,years,Birchall_et_al2016
posterior-395,STATE_19676000,posterior.trees,true,sample,bayesian,years,Birchall_et_al2016
posterior-396,STATE_19308000,posterior.trees,true,sample,bayesian,years,Birchall_et_al2016
posterior-397,STATE_16125000,posterior.trees,true,sample,bayesian,years,Birchall_et_al2016
posterior-398,STATE_18404000,posterior.trees,true,sample,bayesian,years,Birchall_et_al2016
posterior-399,STATE_12677000,posterior.trees,true,sample,bayesian,years,Birchall_et_al2016
posterior-400,STATE_14657000,posterior.trees,true,sample,bayesian,years,Birchall_et_al2016
posterior-401,STATE_14872000,posterior.trees,true,sample,bayesian,years,Birchall_et_al2016
posterior-402,STATE_11581000,posterior.trees,true,sample,bayesian,years,Birchall_et_al2016
posterior-403,STATE_19066000,posterior.trees,true,sample,bayesian,years,Birchall_et_al2016
posterior-404,STATE_16164000,posterior.trees,true,sample,bayesian,years,Birchall_et_al2016
posterior-405,STATE_13277000,posterior.trees,true,sample,bayesian,years,Birchall_et_al2016
posterior-406,STATE_16281000,posterior.trees,true,sample,bayesian,years,Birchall_et_al2016
posterior-407,STATE_17180000,posterior.trees,true,sample,bayesian,years,Birchall_et_al2016
posterior-408,STATE_15643000,posterior.trees,true,sample,bayesian,years,Birchall_et_al2016
posterior-409,STATE_19641000,posterior.trees,true,sample,bayesian,years,Birchall_et_al2016
posterior-410,STATE_16230000,posterior.trees,true,sample,bayesian,years,Birchall_et_al2016
posterior-411,STATE_13551000,posterior.trees,true,sample,bayesian,years,Birchall_et_al2016
posterior-412,STATE_12753000,posterior.trees,true,sample,bayesian,years,Birchall_et_al2016
posterior-413,STATE_18459000,posterior.trees,true,sample,bayesian,years,Birchall_et_al2016
posterior-414,STATE_14365000,posterior.trees,true,sample,bayesian,years,Birchall_et_al2016
posterior-415,STATE_17158000,posterior.trees,true,sample,bayesian,years,Birchall_et_al2016
posterior-416,STATE_10065000,posterior.trees,true,sample,bayesian,years,Birchall_et_al2016
posterior-417,STATE_17857000,posterior.trees,true,sample,bayesian,years,Birchall_et_al2016
posterior-418,STATE_16033000,posterior.trees,true,sample,bayesian,years,Birchall_et_al2016
posterior-419,STATE_19164000,posterior.trees,true,sample,bayesian,years,Birchall_et_al2016
posterior-420,STATE_11601000,posterior.trees,true,sample,bayesian,years,Birchall_et_al2016
posterior-421,STATE_12351000,posterior.trees,true,sample,bayesian,years,Birchall_et_al2016
posterior-422,STATE_13359000,posterior.trees,true,sample,bayesian,years,Birchall_et_al2016
posterior-423,STATE_13664000,posterior.trees,true,sample,bayesian,years,Birchall_et_al2016
posterior-424,STATE_19525000,posterior.trees,true,sample,bayesian,years,Birchall_et_al2016
posterior-425,STATE_13998000,posterior.trees,true,sample,bayesian,years,Birchall_et_al2016
posterior-426,STATE_12389000,posterior.trees,true,sample,bayesian,years,Birchall_et_al2016
posterior-427,STATE_13542000,posterior.trees,true,sample,bayesian,years,Birchall_et_al2016
posterior-428,STATE_10771000,posterior.trees,true,sample,bayesian,years,Birchall_et_al2016
posterior-429,STATE_17081000,posterior.trees,true,sample,bayesian,years,Birchall_et_al2016
posterior-430,STATE_14753000,posterior.trees,true,sample,bayesian,years,Birchall_et_al2016
posterior-431,STATE_19538000,posterior.trees,true,sample,bayesian,years,Birchall_et_al2016
posterior-432,STATE_18174000,posterior.trees,true,sample,bayesian,years,Birchall_et_al2016
posterior-433,STATE_19299000,posterior.trees,true,sample,bayesian,years,Birchall_et_al2016
posterior-434,STATE_10409000,posterior.trees,true,sample,bayesian,years,Birchall_et_al2016
posterior-435,STATE_14689000,posterior.trees,true,sample,bayesian,years,Birchall_et_al2016
posterior-436,STATE_13698000,posterior.trees,true,sample,bayesian,years,Birchall_et_al2016
posterior-437,STATE_13684000,posterior.trees,true,sample,bayesian,years,Birchall_et_al2016
posterior-438,STATE_17153000,posterior.trees,true,sample,bayesian,years,Birchall_et_al2016
posterior-439,STATE_10610000,posterior.trees,true,sample,bayesian,years,Birchall_et_al2016
posterior-440,STATE_14416000,posterior.trees,true,sample,bayesian,years,Birchall_et_al2016
posterior-441,STATE_19262000,posterior.trees,true,sample,bayesian,years,Birchall_et_al2016
posterior-442,STATE_11887000,posterior.trees,true,sample,bayesian,years,Birchall_et_al2016
posterior-443,STATE_16649000,posterior.trees,true,sample,bayesian,years,Birchall_et_al2016
posterior-444,STATE_13249000,posterior.trees,true,sample,bayesian,years,Birchall_et_al2016
posterior-445,STATE_17756000,posterior.trees,true,sample,bayesian,years,Birchall_et_al2016
posterior-446,STATE_14968000,posterior.trees,true,sample,bayesian,years,Birchall_et_al2016
posterior-447,STATE_15912000,posterior.trees,true,sample,bayesian,years,Birchall_et_al2016
posterior-448,STATE_10360000,posterior.trees,true,sample,bayesian,years,Birchall_et_al2016
posterior-449,STATE_14488000,posterior.trees,true,sample,bayesian,years,Birchall_et_al2016
posterior-450,STATE_17558000,posterior.trees,true,sample,bayesian,years,Birchall_et_al2016
posterior-451,STATE_16851000,posterior.trees,true,sample,bayesian,years,Birchall_et_al2016
posterior-452,STATE_19714000,posterior.trees,true,sample,bayesian,years,Birchall_et_al2016
posterior-453,STATE_11062000,posterior.trees,true,sample,bayesian,years,Birchall_et_al2016
posterior-454,STATE_16767000,posterior.trees,true,sample,bayesian,years,Birchall_et_al2016
posterior-455,STATE_13586000,posterior.trees,true,sample,bayesian,years,Birchall_et_al2016
posterior-456,STATE_11186000,posterior.trees,true,sample,bayesian,years,Birchall_et_al2016
posterior-457,STATE_16541000,posterior.trees,true,sample,bayesian,years,Birchall_et_al2016
posterior-458,STATE_17404000,posterior.trees,true,sample,bayesian,years,Birchall_et_al2016
posterior-459,STATE_18812000,posterior.trees,true,sample,bayesian,years,Birchall_et_al2016
posterior-460,STATE_16557000,posterior.trees,true,sample,bayesian,years,Birchall_et_al2016
posterior-461,STATE_18132000,posterior.trees,true,sample,bayesian,years,Birchall_et_al2016
posterior-462,STATE_14041000,posterior.trees,true,sample,bayesian,years,Birchall_et_al2016
posterior-463,STATE_18653000,posterior.trees,true,sample,bayesian,years,Birchall_et_al2016
posterior-464,STATE_12067000,posterior.trees,true,sample,bayesian,years,Birchall_et_al2016
posterior-465,STATE_15616000,posterior.trees,true,sample,bayesian,years,Birchall_et_al2016
posterior-466,STATE_16236000,posterior.trees,true,sample,bayesian,years,Birchall_et_al2016
posterior-467,STATE_17631000,posterior.trees,true,sample,bayesian,years,Birchall_et_al2016
posterior-468,STATE_16416000,posterior.trees,true,sample,bayesian,years,Birchall_et_al2016
posterior-469,STATE_18781000,posterior.trees,true,sample,bayesian,years,Birchall_et_al2016
posterior-470,STATE_18328000,posterior.trees,true,sample,bayesian,years,Birchall_et_al2016
posterior-471,STATE_16061000,posterior.trees,true,sample,bayesian,years,Birchall_et_al2016
posterior-472,STATE_16862000,posterior.trees,true,sample,bayesian,years,Birchall_et_al2016
posterior-473,STATE_11790000,posterior.trees,true,sample,bayesian,years,Birchall_et_al2016
posterior-474,STATE_13224000,posterior.trees,true,sample,bayesian,years,Birchall_et_al2016
posterior-475,STATE_17444000,posterior.trees,true,sample,bayesian,years,Birchall_et_al2016
posterior-476,STATE_18208000,posterior.trees,true,sample,bayesian,years,Birchall_et_al2016
posterior-477,STATE_18139000,posterior.trees,true,sample,bayesian,years,Birchall_et_al2016
posterior-478,STATE_18215000,posterior.trees,true,sample,bayesian,years,Birchall_et_al2016
posterior-479,STATE_11676000,posterior.trees,true,sample,bayesian,years,Birchall_et_al2016
posterior-480,STATE_16936000,posterior.trees,true,sample,bayesian,years,Birchall_et_al2016
posterior-481,STATE_13796000,posterior.trees,true,sample,bayesian,years,Birchall_et_al2016
posterior-482,STATE_13995000,posterior.trees,true,sample,bayesian,years,Birchall_et_al2016
posterior-483,STATE_13679000,posterior.trees,true,sample,bayesian,years,Birchall_et_al2016
posterior-484,STATE_10522000,posterior.trees,true,sample,bayesian,years,Birchall_et_al2016
posterior-485,STATE_10042000,posterior.trees,true,sample,bayesian,years,Birchall_et_al2016
posterior-486,STATE_19187000,posterior.trees,true,sample,bayesian,years,Birchall_et_al2016
posterior-487,STATE_12717000,posterior.trees,true,sample,bayesian,years,Birchall_et_al2016
posterior-488,STATE_10901000,posterior.trees,true,sample,bayesian,years,Birchall_et_al2016
posterior-489,STATE_15101000,posterior.trees,true,sample,bayesian,years,Birchall_et_al2016
posterior-490,STATE_12763000,posterior.trees,true,sample,bayesian,years,Birchall_et_al2016
posterior-491,STATE_12123000,posterior.trees,true,sample,bayesian,years,Birchall_et_al2016
posterior-492,STATE_14748000,posterior.trees,true,sample,bayesian,years,Birchall_et_al2016
posterior-493,STATE_15656000,posterior.trees,true,sample,bayesian,years,Birchall_et_al2016
posterior-494,STATE_11089000,posterior.trees,true,sample,bayesian,years,Birchall_et_al2016
posterior-495,STATE_16117000,posterior.trees,true,sample,bayesian,years,Birchall_et_al2016
posterior-496,STATE_12181000,posterior.trees,true,sample,bayesian,years,Birchall_et_al2016
posterior-497,STATE_12606000,posterior.trees,true,sample,bayesian,years,Birchall_et_al2016
posterior-498,STATE_10619000,posterior.trees,true,sample,bayesian,years,Birchall_et_al2016
posterior-499,STATE_14407000,posterior.trees,true,sample,bayesian,years,Birchall_et_al2016
posterior-500,STATE_11334000,posterior.trees,true,sample,bayesian,years,Birchall_et_al2016
posterior-501,STATE_11721000,posterior.trees,true,sample,bayesian,years,Birchall_et_al2016
posterior-502,STATE_11411000,posterior.trees,true,sample,bayesian,years,Birchall_et_al2016
posterior-503,STATE_17236000,posterior.trees,true,sample,bayesian,years,Birchall_et_al2016
posterior-504,STATE_15317000,posterior.trees,true,sample,bayesian,years,Birchall_et_al2016
posterior-505,STATE_10350000,posterior.trees,true,sample,bayesian,years,Birchall_et_al2016
posterior-506,STATE_15195000,posterior.trees,true,sample,bayesian,years,Birchall_et_al2016
posterior-507,STATE_10051000,posterior.trees,true,sample,bayesian,years,Birchall_et_al2016
posterior-508,STATE_19328000,posterior.trees,true,sample,bayesian,years,Birchall_et_al2016
posterior-509,STATE_18754000,posterior.trees,true,sample,bayesian,years,Birchall_et_al2016
posterior-510,STATE_19559000,posterior.trees,true,sample,bayesian,years,Birchall_et_al2016
posterior-511,STATE_12420000,posterior.trees,true,sample,bayesian,years,Birchall_et_al2016
posterior-512,STATE_16131000,posterior.trees,true,sample,bayesian,years,Birchall_et_al2016
posterior-513,STATE_10419000,posterior.trees,true,sample,bayesian,years,Birchall_et_al2016
posterior-514,STATE_14254000,posterior.trees,true,sample,bayesian,years,Birchall_et_al2016
posterior-515,STATE_13101000,posterior.trees,true,sample,bayesian,years,Birchall_et_al2016
posterior-516,STATE_10243000,posterior.trees,true,sample,bayesian,years,Birchall_et_al2016
posterior-517,STATE_17667000,posterior.trees,true,sample,bayesian,years,Birchall_et_al2016
posterior-518,STATE_15215000,posterior.trees,true,sample,bayesian,years,Birchall_et_al2016
posterior-519,STATE_16583000,posterior.trees,true,sample,bayesian,years,Birchall_et_al2016
posterior-520,STATE_15545000,posterior.trees,true,sample,bayesian,years,Birchall_et_al2016
posterior-521,STATE_14274000,posterior.trees,true,sample,bayesian,years,Birchall_et_al2016
posterior-522,STATE_15666000,posterior.trees,true,sample,bayesian,years,Birchall_et_al2016
posterior-523,STATE_18845000,posterior.trees,true,sample,bayesian,years,Birchall_et_al2016
posterior-524,STATE_13992000,posterior.trees,true,sample,bayesian,years,Birchall_et_al2016
posterior-525,STATE_10058000,posterior.trees,true,sample,bayesian,years,Birchall_et_al2016
posterior-526,STATE_13567000,posterior.trees,true,sample,bayesian,years,Birchall_et_al2016
posterior-527,STATE_13593000,posterior.trees,true,sample,bayesian,years,Birchall_et_al2016
posterior-528,STATE_13682000,posterior.trees,true,sample,bayesian,years,Birchall_et_al2016
posterior-529,STATE_15950000,posterior.trees,true,sample,bayesian,years,Birchall_et_al2016
posterior-530,STATE_17471000,posterior.trees,true,sample,bayesian,years,Birchall_et_al2016
posterior-531,STATE_14420000,posterior.trees,true,sample,bayesian,years,Birchall_et_al2016
posterior-532,STATE_14240000,posterior.trees,true,sample,bayesian,years,Birchall_et_al2016
posterior-533,STATE_13036000,posterior.trees,true,sample,bayesian,years,Birchall_et_al2016
posterior-534,STATE_16589000,posterior.trees,true,sample,bayesian,years,Birchall_et_al2016
posterior-535,STATE_19389000,posterior.trees,true,sample,bayesian,years,Birchall_et_al2016
posterior-536,STATE_19733000,posterior.trees,true,sample,bayesian,years,Birchall_et_al2016
posterior-537,STATE_11398000,posterior.trees,true,sample,bayesian,years,Birchall_et_al2016
posterior-538,STATE_17235000,posterior.trees,true,sample,bayesian,years,Birchall_et_al2016
posterior-539,STATE_11427000,posterior.trees,true,sample,bayesian,years,Birchall_et_al2016
posterior-540,STATE_17198000,posterior.trees,true,sample,bayesian,years,Birchall_et_al2016
posterior-541,STATE_13650000,posterior.trees,true,sample,bayesian,years,Birchall_et_al2016
posterior-542,STATE_18898000,posterior.trees,true,sample,bayesian,years,Birchall_et_al2016
posterior-543,STATE_11111000,posterior.trees,true,sample,bayesian,years,Birchall_et_al2016
posterior-544,STATE_19781000,posterior.trees,true,sample,bayesian,years,Birchall_et_al2016
posterior-545,STATE_17357000,posterior.trees,true,sample,bayesian,years,Birchall_et_al2016
posterior-546,STATE_13099000,posterior.trees,true,sample,bayesian,years,Birchall_et_al2016
posterior-547,STATE_18948000,posterior.trees,true,sample,bayesian,years,Birchall_et_al2016
posterior-548,STATE_14002000,posterior.trees,true,sample,bayesian,years,Birchall_et_al2016
posterior-549,STATE_19605000,posterior.trees,true,sample,bayesian,years,Birchall_et_al2016
posterior-550,STATE_19032000,posterior.trees,true,sample,bayesian,years,Birchall_et_al2016
posterior-551,STATE_10557000,posterior.trees,true,sample,bayesian,years,Birchall_et_al2016
posterior-552,STATE_18263000,posterior.trees,true,sample,bayesian,years,Birchall_et_al2016
posterior-553,STATE_11235000,posterior.trees,true,sample,bayesian,years,Birchall_et_al2016
posterior-554,STATE_18721000,posterior.trees,true,sample,bayesian,years,Birchall_et_al2016
posterior-555,STATE_13053000,posterior.trees,true,sample,bayesian,years,Birchall_et_al2016
posterior-556,STATE_13302000,posterior.trees,true,sample,bayesian,years,Birchall_et_al2016
posterior-557,STATE_11286000,posterior.trees,true,sample,bayesian,years,Birchall_et_al2016
posterior-558,STATE_13049000,posterior.trees,true,sample,bayesian,years,Birchall_et_al2016
posterior-559,STATE_18890000,posterior.trees,true,sample,bayesian,years,Birchall_et_al2016
posterior-560,STATE_10018000,posterior.trees,true,sample,bayesian,years,Birchall_et_al2016
posterior-561,STATE_12220000,posterior.trees,true,sample,bayesian,years,Birchall_et_al2016
posterior-562,STATE_11817000,posterior.trees,true,sample,bayesian,years,Birchall_et_al2016
posterior-563,STATE_13213000,posterior.trees,true,sample,bayesian,years,Birchall_et_al2016
posterior-564,STATE_16220000,posterior.trees,true,sample,bayesian,years,Birchall_et_al2016
posterior-565,STATE_15199000,posterior.trees,true,sample,bayesian,years,Birchall_et_al2016
posterior-566,STATE_17911000,posterior.trees,true,sample,bayesian,years,Birchall_et_al2016
posterior-567,STATE_13058000,posterior.trees,true,sample,bayesian,years,Birchall_et_al2016
posterior-568,STATE_12499000,posterior.trees,true,sample,bayesian,years,Birchall_et_al2016
posterior-569,STATE_11869000,posterior.trees,true,sample,bayesian,years,Birchall_et_al2016
posterior-570,STATE_15964000,posterior.trees,true,sample,bayesian,years,Birchall_et_al2016
posterior-571,STATE_12262000,posterior.trees,true,sample,bayesian,years,Birchall_et_al2016
posterior-572,STATE_15250000,posterior.trees,true,sample,bayesian,years,Birchall_et_al2016
posterior-573,STATE_14060000,posterior.trees,true,sample,bayesian,years,Birchall_et_al2016
posterior-574,STATE_14098000,posterior.trees,true,sample,bayesian,years,Birchall_et_al2016
posterior-575,STATE_10807000,posterior.trees,true,sample,bayesian,years,Birchall_et_al2016
posterior-576,STATE_16635000,posterior.trees,true,sample,bayesian,years,Birchall_et_al2016
posterior-577,STATE_19680000,posterior.trees,true,sample,bayesian,years,Birchall_et_al2016
posterior-578,STATE_15573000,posterior.trees,true,sample,bayesian,years,Birchall_et_al2016
posterior-579,STATE_18060000,posterior.trees,true,sample,bayesian,years,Birchall_et_al2016
posterior-580,STATE_19219000,posterior.trees,true,sample,bayesian,years,Birchall_et_al2016
posterior-581,STATE_17701000,posterior.trees,true,sample,bayesian,years,Birchall_et_al2016
posterior-582,STATE_11203000,posterior.trees,true,sample,bayesian,years,Birchall_et_al2016
posterior-583,STATE_19194000,posterior.trees,true,sample,bayesian,years,Birchall_et_al2016
posterior-584,STATE_14740000,posterior.trees,true,sample,bayesian,years,Birchall_et_al2016
posterior-585,STATE_18606000,posterior.trees,true,sample,bayesian,years,Birchall_et_al2016
posterior-586,STATE_19407000,posterior.trees,true,sample,bayesian,years,Birchall_et_al2016
posterior-587,STATE_19275000,posterior.trees,true,sample,bayesian,years,Birchall_et_al2016
posterior-588,STATE_12249000,posterior.trees,true,sample,bayesian,years,Birchall_et_al2016
posterior-589,STATE_13462000,posterior.trees,true,sample,bayesian,years,Birchall_et_al2016
posterior-590,STATE_12215000,posterior.trees,true,sample,bayesian,years,Birchall_et_al2016
posterior-591,STATE_10960000,posterior.trees,true,sample,bayesian,years,Birchall_et_al2016
posterior-592,STATE_12421000,posterior.trees,true,sample,bayesian,years,Birchall_et_al2016
posterior-593,STATE_16805000,posterior.trees,true,sample,bayesian,years,Birchall_et_al2016
posterior-594,STATE_19149000,posterior.trees,true,sample,bayesian,years,Birchall_et_al2016
posterior-595,STATE_17748000,posterior.trees,true,sample,bayesian,years,Birchall_et_al2016
posterior-596,STATE_14579000,posterior.trees,true,sample,bayesian,years,Birchall_et_al2016
posterior-597,STATE_19147000,posterior.trees,true,sample,bayesian,years,Birchall_et_al2016
posterior-598,STATE_13980000,posterior.trees,true,sample,bayesian,years,Birchall_et_al2016
posterior-599,STATE_16464000,posterior.trees,true,sample,bayesian,years,Birchall_et_al2016
posterior-600,STATE_11917000,posterior.trees,true,sample,bayesian,years,Birchall_et_al2016
posterior-601,STATE_15299000,posterior.trees,true,sample,bayesian,years,Birchall_et_al2016
posterior-602,STATE_16256000,posterior.trees,true,sample,bayesian,years,Birchall_et_al2016
posterior-603,STATE_18269000,posterior.trees,true,sample,bayesian,years,Birchall_et_al2016
posterior-604,STATE_11970000,posterior.trees,true,sample,bayesian,years,Birchall_et_al2016
posterior-605,STATE_11077000,posterior.trees,true,sample,bayesian,years,Birchall_et_al2016
posterior-606,STATE_14604000,posterior.trees,true,sample,bayesian,years,Birchall_et_al2016
posterior-607,STATE_19304000,posterior.trees,true,sample,bayesian,years,Birchall_et_al2016
posterior-608,STATE_16365000,posterior.trees,true,sample,bayesian,years,Birchall_et_al2016
posterior-609,STATE_16073000,posterior.trees,true,sample,bayesian,years,Birchall_et_al2016
posterior-610,STATE_10671000,posterior.trees,true,sample,bayesian,years,Birchall_et_al2016
posterior-611,STATE_18221000,posterior.trees,true,sample,bayesian,years,Birchall_et_al2016
posterior-612,STATE_13864000,posterior.trees,true,sample,bayesian,years,Birchall_et_al2016
posterior-613,STATE_18056000,posterior.trees,true,sample,bayesian,years,Birchall_et_al2016
posterior-614,STATE_19838000,posterior.trees,true,sample,bayesian,years,Birchall_et_al2016
posterior-615,STATE_12002000,posterior.trees,true,sample,bayesian,years,Birchall_et_al2016
posterior-616,STATE_18962000,posterior.trees,true,sample,bayesian,years,Birchall_et_al2016
posterior-617,STATE_16956000,posterior.trees,true,sample,bayesian,years,Birchall_et_al2016
posterior-618,STATE_12376000,posterior.trees,true,sample,bayesian,years,Birchall_et_al2016
posterior-619,STATE_16041000,posterior.trees,true,sample,bayesian,years,Birchall_et_al2016
posterior-620,STATE_11609000,posterior.trees,true,sample,bayesian,years,Birchall_et_al2016
posterior-621,STATE_15527000,posterior.trees,true,sample,bayesian,years,Birchall_et_al2016
posterior-622,STATE_15984000,posterior.trees,true,sample,bayesian,years,Birchall_et_al2016
posterior-623,STATE_17397000,posterior.trees,true,sample,bayesian,years,Birchall_et_al2016
posterior-624,STATE_17012000,posterior.trees,true,sample,bayesian,years,Birchall_et_al2016
posterior-625,STATE_16969000,posterior.trees,true,sample,bayesian,years,Birchall_et_al2016
posterior-626,STATE_15810000,posterior.trees,true,sample,bayesian,years,Birchall_et_al2016
posterior-627,STATE_16412000,posterior.trees,true,sample,bayesian,years,Birchall_et_al2016
posterior-628,STATE_17335000,posterior.trees,true,sample,bayesian,years,Birchall_et_al2016
posterior-629,STATE_17945000,posterior.trees,true,sample,bayesian,years,Birchall_et_al2016
posterior-630,STATE_10946000,posterior.trees,true,sample,bayesian,years,Birchall_et_al2016
posterior-631,STATE_18647000,posterior.trees,true,sample,bayesian,years,Birchall_et_al2016
posterior-632,STATE_19456000,posterior.trees,true,sample,bayesian,years,Birchall_et_al2016
posterior-633,STATE_10992000,posterior.trees,true,sample,bayesian,years,Birchall_et_al2016
posterior-634,STATE_12566000,posterior.trees,true,sample,bayesian,years,Birchall_et_al2016
posterior-635,STATE_19746000,posterior.trees,true,sample,bayesian,years,Birchall_et_al2016
posterior-636,STATE_16147000,posterior.trees,true,sample,bayesian,years,Birchall_et_al2016
posterior-637,STATE_15591000,posterior.trees,true,sample,bayesian,years,Birchall_et_al2016
posterior-638,STATE_17559000,posterior.trees,true,sample,bayesian,years,Birchall_et_al2016
posterior-639,STATE_12294000,posterior.trees,true,sample,bayesian,years,Birchall_et_al2016
posterior-640,STATE_15399000,posterior.trees,true,sample,bayesian,years,Birchall_et_al2016
posterior-641,STATE_18258000,posterior.trees,true,sample,bayesian,years,Birchall_et_al2016
posterior-642,STATE_17705000,posterior.trees,true,sample,bayesian,years,Birchall_et_al2016
posterior-643,STATE_17565000,posterior.trees,true,sample,bayesian,years,Birchall_et_al2016
posterior-644,STATE_10439000,posterior.trees,true,sample,bayesian,years,Birchall_et_al2016
posterior-645,STATE_17025000,posterior.trees,true,sample,bayesian,years,Birchall_et_al2016
posterior-646,STATE_11572000,posterior.trees,true,sample,bayesian,years,Birchall_et_al2016
posterior-647,STATE_11935000,posterior.trees,true,sample,bayesian,years,Birchall_et_al2016
posterior-648,STATE_18452000,posterior.trees,true,sample,bayesian,years,Birchall_et_al2016
posterior-649,STATE_12168000,posterior.trees,true,sample,bayesian,years,Birchall_et_al2016
posterior-650,STATE_14871000,posterior.trees,true,sample,bayesian,years,Birchall_et_al2016
posterior-651,STATE_10237000,posterior.trees,true,sample,bayesian,years,Birchall_et_al2016
posterior-652,STATE_13050000,posterior.trees,true,sample,bayesian,years,Birchall_et_al2016
posterior-653,STATE_15575000,posterior.trees,true,sample,bayesian,years,Birchall_et_al2016
posterior-654,STATE_14435000,posterior.trees,true,sample,bayesian,years,Birchall_et_al2016
posterior-655,STATE_16571000,posterior.trees,true,sample,bayesian,years,Birchall_et_al2016
posterior-656,STATE_18104000,posterior.trees,true,sample,bayesian,years,Birchall_et_al2016
posterior-657,STATE_12332000,posterior.trees,true,sample,bayesian,years,Birchall_et_al2016
posterior-658,STATE_12173000,posterior.trees,true,sample,bayesian,years,Birchall_et_al2016
posterior-659,STATE_11423000,posterior.trees,true,sample,bayesian,years,Birchall_et_al2016
posterior-660,STATE_13160000,posterior.trees,true,sample,bayesian,years,Birchall_et_al2016
posterior-661,STATE_16742000,posterior.trees,true,sample,bayesian,years,Birchall_et_al2016
posterior-662,STATE_15817000,posterior.trees,true,sample,bayesian,years,Birchall_et_al2016
posterior-663,STATE_11896000,posterior.trees,true,sample,bayesian,years,Birchall_et_al2016
posterior-664,STATE_18371000,posterior.trees,true,sample,bayesian,years,Birchall_et_al2016
posterior-665,STATE_12155000,posterior.trees,true,sample,bayesian,years,Birchall_et_al2016
posterior-666,STATE_12788000,posterior.trees,true,sample,bayesian,years,Birchall_et_al2016
posterior-667,STATE_13535000,posterior.trees,true,sample,bayesian,years,Birchall_et_al2016
posterior-668,STATE_17434000,posterior.trees,true,sample,bayesian,years,Birchall_et_al2016
posterior-669,STATE_17067000,posterior.trees,true,sample,bayesian,years,Birchall_et_al2016
posterior-670,STATE_13665000,posterior.trees,true,sample,bayesian,years,Birchall_et_al2016
posterior-671,STATE_10171000,posterior.trees,true,sample,bayesian,years,Birchall_et_al2016
posterior-672,STATE_12639000,posterior.trees,true,sample,bayesian,years,Birchall_et_al2016
posterior-673,STATE_12457000,posterior.trees,true,sample,bayesian,years,Birchall_et_al2016
posterior-674,STATE_15968000,posterior.trees,true,sample,bayesian,years,Birchall_et_al2016
posterior-675,STATE_18956000,posterior.trees,true,sample,bayesian,years,Birchall_et_al2016
posterior-676,STATE_16357000,posterior.trees,true,sample,bayesian,years,Birchall_et_al2016
posterior-677,STATE_16787000,posterior.trees,true,sample,bayesian,years,Birchall_et_al2016
posterior-678,STATE_14809000,posterior.trees,true,sample,bayesian,years,Birchall_et_al2016
posterior-679,STATE_14988000,posterior.trees,true,sample,bayesian,years,Birchall_et_al2016
posterior-680,STATE_14702000,posterior.trees,true,sample,bayesian,years,Birchall_et_al2016
posterior-681,STATE_12952000,posterior.trees,true,sample,bayesian,years,Birchall_et_al2016
posterior-682,STATE_11569000,posterior.trees,true,sample,bayesian,years,Birchall_et_al2016
posterior-683,STATE_19827000,posterior.trees,true,sample,bayesian,years,Birchall_et_al2016
posterior-684,STATE_19710000,posterior.trees,true,sample,bayesian,years,Birchall_et_al2016
posterior-685,STATE_17775000,posterior.trees,true,sample,bayesian,years,Birchall_et_al2016
posterior-686,STATE_12926000,posterior.trees,true,sample,bayesian,years,Birchall_et_al2016
posterior-687,STATE_19902000,posterior.trees,true,sample,bayesian,years,Birchall_et_al2016
posterior-688,STATE_17435000,posterior.trees,true,sample,bayesian,years,Birchall_et_al2016
posterior-689,STATE_10791000,posterior.trees,true,sample,bayesian,years,Birchall_et_al2016
posterior-690,STATE_15485000,posterior.trees,true,sample,bayesian,years,Birchall_et_al2016
posterior-691,STATE_13447000,posterior.trees,true,sample,bayesian,years,Birchall_et_al2016
posterior-692,STATE_18902000,posterior.trees,true,sample,bayesian,years,Birchall_et_al2016
posterior-693,STATE_11708000,posterior.trees,true,sample,bayesian,years,Birchall_et_al2016
posterior-694,STATE_13983000,posterior.trees,true,sample,bayesian,years,Birchall_et_al2016
posterior-695,STATE_16932000,posterior.trees,true,sample,bayesian,years,Birchall_et_al2016
posterior-696,STATE_18407000,posterior.trees,true,sample,bayesian,years,Birchall_et_al2016
posterior-697,STATE_15295000,posterior.trees,true,sample,bayesian,years,Birchall_et_al2016
posterior-698,STATE_10311000,posterior.trees,true,sample,bayesian,years,Birchall_et_al2016
posterior-699,STATE_10024000,posterior.trees,true,sample,bayesian,years,Birchall_et_al2016
posterior-700,STATE_19653000,posterior.trees,true,sample,bayesian,years,Birchall_et_al2016
posterior-701,STATE_18075000,posterior.trees,true,sample,bayesian,years,Birchall_et_al2016
posterior-702,STATE_11914000,posterior.trees,true,sample,bayesian,years,Birchall_et_al2016
posterior-703,STATE_10532000,posterior.trees,true,sample,bayesian,years,Birchall_et_al2016
posterior-704,STATE_16698000,posterior.trees,true,sample,bayesian,years,Birchall_et_al2016
posterior-705,STATE_14973000,posterior.trees,true,sample,bayesian,years,Birchall_et_al2016
posterior-706,STATE_15003000,posterior.trees,true,sample,bayesian,years,Birchall_et_al2016
posterior-707,STATE_13613000,posterior.trees,true,sample,bayesian,years,Birchall_et_al2016
posterior-708,STATE_10589000,posterior.trees,true,sample,bayesian,years,Birchall_et_al2016
posterior-709,STATE_18965000,posterior.trees,true,sample,bayesian,years,Birchall_et_al2016
posterior-710,STATE_10036000,posterior.trees,true,sample,bayesian,years,Birchall_et_al2016
posterior-711,STATE_13904000,posterior.trees,true,sample,bayesian,years,Birchall_et_al2016
posterior-712,STATE_10841000,posterior.trees,true,sample,bayesian,years,Birchall_et_al2016
posterior-713,STATE_15239000,posterior.trees,true,sample,bayesian,years,Birchall_et_al2016
posterior-714,STATE_11866000,posterior.trees,true,sample,bayesian,years,Birchall_et_al2016
posterior-715,STATE_13889000,posterior.trees,true,sample,bayesian,years,Birchall_et_al2016
posterior-716,STATE_13062000,posterior.trees,true,sample,bayesian,years,Birchall_et_al2016
posterior-717,STATE_16544000,posterior.trees,true,sample,bayesian,years,Birchall_et_al2016
posterior-718,STATE_10810000,posterior.trees,true,sample,bayesian,years,Birchall_et_al2016
posterior-719,STATE_19165000,posterior.trees,true,sample,bayesian,years,Birchall_et_al2016
posterior-720,STATE_18251000,posterior.trees,true,sample,bayesian,years,Birchall_et_al2016
posterior-721,STATE_14904000,posterior.trees,true,sample,bayesian,years,Birchall_et_al2016
posterior-722,STATE_14567000,posterior.trees,true,sample,bayesian,years,Birchall_et_al2016
posterior-723,STATE_17879000,posterior.trees,true,sample,bayesian,years,Birchall_et_al2016
posterior-724,STATE_13339000,posterior.trees,true,sample,bayesian,years,Birchall_et_al2016
posterior-725,STATE_17805000,posterior.trees,true,sample,bayesian,years,Birchall_et_al2016
posterior-726,STATE_19333000,posterior.trees,true,sample,bayesian,years,Birchall_et_al2016
posterior-727,STATE_17813000,posterior.trees,true,sample,bayesian,years,Birchall_et_al2016
posterior-728,STATE_14350000,posterior.trees,true,sample,bayesian,years,Birchall_et_al2016
posterior-729,STATE_17919000,posterior.trees,true,sample,bayesian,years,Birchall_et_al2016
posterior-730,STATE_15326000,posterior.trees,true,sample,bayesian,years,Birchall_et_al2016
posterior-731,STATE_19084000,posterior.trees,true,sample,bayesian,years,Birchall_et_al2016
posterior-732,STATE_10970000,posterior.trees,true,sample,bayesian,years,Birchall_et_al2016
posterior-733,STATE_13421000,posterior.trees,true,sample,bayesian,years,Birchall_et_al2016
posterior-734,STATE_15414000,posterior.trees,true,sample,bayesian,years,Birchall_et_al2016
posterior-735,STATE_15356000,posterior.trees,true,sample,bayesian,years,Birchall_et_al2016
posterior-736,STATE_14731000,posterior.trees,true,sample,bayesian,years,Birchall_et_al2016
posterior-737,STATE_18722000,posterior.trees,true,sample,bayesian,years,Birchall_et_al2016
posterior-738,STATE_14609000,posterior.trees,true,sample,bayesian,years,Birchall_et_al2016
posterior-739,STATE_16223000,posterior.trees,true,sample,bayesian,years,Birchall_et_al2016
posterior-740,STATE_12943000,posterior.trees,true,sample,bayesian,years,Birchall_et_al2016
posterior-741,STATE_18390000,posterior.trees,true,sample,bayesian,years,Birchall_et_al2016
posterior-742,STATE_17456000,posterior.trees,true,sample,bayesian,years,Birchall_et_al2016
posterior-743,STATE_10932000,posterior.trees,true,sample,bayesian,years,Birchall_et_al2016
posterior-744,STATE_17430000,posterior.trees,true,sample,bayesian,years,Birchall_et_al2016
posterior-745,STATE_10302000,posterior.trees,true,sample,bayesian,years,Birchall_et_al2016
posterior-746,STATE_17251000,posterior.trees,true,sample,bayesian,years,Birchall_et_al2016
posterior-747,STATE_16734000,posterior.trees,true,sample,bayesian,years,Birchall_et_al2016
posterior-748,STATE_13420000,posterior.trees,true,sample,bayesian,years,Birchall_et_al2016
posterior-749,STATE_14680000,posterior.trees,true,sample,bayesian,years,Birchall_et_al2016
posterior-750,STATE_11292000,posterior.trees,true,sample,bayesian,years,Birchall_et_al2016
posterior-751,STATE_19643000,posterior.trees,true,sample,bayesian,years,Birchall_et_al2016
posterior-752,STATE_16755000,posterior.trees,true,sample,bayesian,years,Birchall_et_al2016
posterior-753,STATE_11323000,posterior.trees,true,sample,bayesian,years,Birchall_et_al2016
posterior-754,STATE_17802000,posterior.trees,true,sample,bayesian,years,Birchall_et_al2016
posterior-755,STATE_13541000,posterior.trees,true,sample,bayesian,years,Birchall_et_al2016
posterior-756,STATE_18498000,posterior.trees,true,sample,bayesian,years,Birchall_et_al2016
posterior-757,STATE_19082000,posterior.trees,true,sample,bayesian,years,Birchall_et_al2016
posterior-758,STATE_16055000,posterior.trees,true,sample,bayesian,years,Birchall_et_al2016
posterior-759,STATE_13288000,posterior.trees,true,sample,bayesian,years,Birchall_et_al2016
posterior-760,STATE_19264000,posterior.trees,true,sample,bayesian,years,Birchall_et_al2016
posterior-761,STATE_14834000,posterior.trees,true,sample,bayesian,years,Birchall_et_al2016
posterior-762,STATE_14832000,posterior.trees,true,sample,bayesian,years,Birchall_et_al2016
posterior-763,STATE_13820000,posterior.trees,true,sample,bayesian,years,Birchall_et_al2016
posterior-764,STATE_18604000,posterior.trees,true,sample,bayesian,years,Birchall_et_al2016
posterior-765,STATE_19468000,posterior.trees,true,sample,bayesian,years,Birchall_et_al2016
posterior-766,STATE_15592000,posterior.trees,true,sample,bayesian,years,Birchall_et_al2016
posterior-767,STATE_15809000,posterior.trees,true,sample,bayesian,years,Birchall_et_al2016
posterior-768,STATE_15410000,posterior.trees,true,sample,bayesian,years,Birchall_et_al2016
posterior-769,STATE_19016000,posterior.trees,true,sample,bayesian,years,Birchall_et_al2016
posterior-770,STATE_12600000,posterior.trees,true,sample,bayesian,years,Birchall_et_al2016
posterior-771,STATE_18823000,posterior.trees,true,sample,bayesian,years,Birchall_et_al2016
posterior-772,STATE_15082000,posterior.trees,true,sample,bayesian,years,Birchall_et_al2016
posterior-773,STATE_19942000,posterior.trees,true,sample,bayesian,years,Birchall_et_al2016
posterior-774,STATE_15905000,posterior.trees,true,sample,bayesian,years,Birchall_et_al2016
posterior-775,STATE_16917000,posterior.trees,true,sample,bayesian,years,Birchall_et_al2016
posterior-776,STATE_13893000,posterior.trees,true,sample,bayesian,years,Birchall_et_al2016
posterior-777,STATE_11811000,posterior.trees,true,sample,bayesian,years,Birchall_et_al2016
posterior-778,STATE_13172000,posterior.trees,true,sample,bayesian,years,Birchall_et_al2016
posterior-779,STATE_15927000,posterior.trees,true,sample,bayesian,years,Birchall_et_al2016
posterior-780,STATE_16122000,posterior.trees,true,sample,bayesian,years,Birchall_et_al2016
posterior-781,STATE_15759000,posterior.trees,true,sample,bayesian,years,Birchall_et_al2016
posterior-782,STATE_16852000,posterior.trees,true,sample,bayesian,years,Birchall_et_al2016
posterior-783,STATE_12886000,posterior.trees,true,sample,bayesian,years,Birchall_et_al2016
posterior-784,STATE_15850000,posterior.trees,true,sample,bayesian,years,Birchall_et_al2016
posterior-785,STATE_10490000,posterior.trees,true,sample,bayesian,years,Birchall_et_al2016
posterior-786,STATE_13529000,posterior.trees,true,sample,bayesian,years,Birchall_et_al2016
posterior-787,STATE_14006000,posterior.trees,true,sample,bayesian,years,Birchall_et_al2016
posterior-788,STATE_12863000,posterior.trees,true,sample,bayesian,years,Birchall_et_al2016
posterior-789,STATE_15076000,posterior.trees,true,sample,bayesian,years,Birchall_et_al2016
posterior-790,STATE_19971000,posterior.trees,true,sample,bayesian,years,Birchall_et_al2016
posterior-791,STATE_16153000,posterior.trees,true,sample,bayesian,years,Birchall_et_al2016
posterior-792,STATE_11380000,posterior.trees,true,sample,bayesian,years,Birchall_et_al2016
posterior-793,STATE_11199000,posterior.trees,true,sample,bayesian,years,Birchall_et_al2016
posterior-794,STATE_17620000,posterior.trees,true,sample,bayesian,years,Birchall_et_al2016
posterior-795,STATE_19265000,posterior.trees,true,sample,bayesian,years,Birchall_et_al2016
posterior-796,STATE_17119000,posterior.trees,true,sample,bayesian,years,Birchall_et_al2016
posterior-797,STATE_15675000,posterior.trees,true,sample,bayesian,years,Birchall_et_al2016
posterior-798,STATE_14201000,posterior.trees,true,sample,bayesian,years,Birchall_et_al2016
posterior-799,STATE_13644000,posterior.trees,true,sample,bayesian,years,Birchall_et_al2016
posterior-800,STATE_10428000,posterior.trees,true,sample,bayesian,years,Birchall_et_al2016
posterior-801,STATE_17062000,posterior.trees,true,sample,bayesian,years,Birchall_et_al2016
posterior-802,STATE_15931000,posterior.trees,true,sample,bayesian,years,Birchall_et_al2016
posterior-803,STATE_10043000,posterior.trees,true,sample,bayesian,years,Birchall_et_al2016
posterior-804,STATE_16243000,posterior.trees,true,sample,bayesian,years,Birchall_et_al2016
posterior-805,STATE_17234000,posterior.trees,true,sample,bayesian,years,Birchall_et_al2016
posterior-806,STATE_11585000,posterior.trees,true,sample,bayesian,years,Birchall_et_al2016
posterior-807,STATE_19123000,posterior.trees,true,sample,bayesian,years,Birchall_et_al2016
posterior-808,STATE_15156000,posterior.trees,true,sample,bayesian,years,Birchall_et_al2016
posterior-809,STATE_11615000,posterior.trees,true,sample,bayesian,years,Birchall_et_al2016
posterior-810,STATE_11576000,posterior.trees,true,sample,bayesian,years,Birchall_et_al2016
posterior-811,STATE_13774000,posterior.trees,true,sample,bayesian,years,Birchall_et_al2016
posterior-812,STATE_13733000,posterior.trees,true,sample,bayesian,years,Birchall_et_al2016
posterior-813,STATE_15108000,posterior.trees,true,sample,bayesian,years,Birchall_et_al2016
posterior-814,STATE_11707000,posterior.trees,true,sample,bayesian,years,Birchall_et_al2016
posterior-815,STATE_16525000,posterior.trees,true,sample,bayesian,years,Birchall_et_al2016
posterior-816,STATE_18337000,posterior.trees,true,sample,bayesian,years,Birchall_et_al2016
posterior-817,STATE_14371000,posterior.trees,true,sample,bayesian,years,Birchall_et_al2016
posterior-818,STATE_17337000,posterior.trees,true,sample,bayesian,years,Birchall_et_al2016
posterior-819,STATE_11003000,posterior.trees,true,sample,bayesian,years,Birchall_et_al2016
posterior-820,STATE_19307000,posterior.trees,true,sample,bayesian,years,Birchall_et_al2016
posterior-821,STATE_14612000,posterior.trees,true,sample,bayesian,years,Birchall_et_al2016
posterior-822,STATE_12278000,posterior.trees,true,sample,bayesian,years,Birchall_et_al2016
posterior-823,STATE_10228000,posterior.trees,true,sample,bayesian,years,Birchall_et_al2016
posterior-824,STATE_11064000,posterior.trees,true,sample,bayesian,years,Birchall_et_al2016
posterior-825,STATE_11785000,posterior.trees,true,sample,bayesian,years,Birchall_et_al2016
posterior-826,STATE_10140000,posterior.trees,true,sample,bayesian,years,Birchall_et_al2016
posterior-827,STATE_11061000,posterior.trees,true,sample,bayesian,years,Birchall_et_al2016
posterior-828,STATE_13695000,posterior.trees,true,sample,bayesian,years,Birchall_et_al2016
posterior-829,STATE_16309000,posterior.trees,true,sample,bayesian,years,Birchall_et_al2016
posterior-830,STATE_16821000,posterior.trees,true,sample,bayesian,years,Birchall_et_al2016
posterior-831,STATE_10924000,posterior.trees,true,sample,bayesian,years,Birchall_et_al2016
posterior-832,STATE_13253000,posterior.trees,true,sample,bayesian,years,Birchall_et_al2016
posterior-833,STATE_14103000,posterior.trees,true,sample,bayesian,years,Birchall_et_al2016
posterior-834,STATE_12277000,posterior.trees,true,sample,bayesian,years,Birchall_et_al2016
posterior-835,STATE_12647000,posterior.trees,true,sample,bayesian,years,Birchall_et_al2016
posterior-836,STATE_11715000,posterior.trees,true,sample,bayesian,years,Birchall_et_al2016
posterior-837,STATE_14105000,posterior.trees,true,sample,bayesian,years,Birchall_et_al2016
posterior-838,STATE_10076000,posterior.trees,true,sample,bayesian,years,Birchall_et_al2016
posterior-839,STATE_10267000,posterior.trees,true,sample,bayesian,years,Birchall_et_al2016
posterior-840,STATE_17013000,posterior.trees,true,sample,bayesian,years,Birchall_et_al2016
posterior-841,STATE_10249000,posterior.trees,true,sample,bayesian,years,Birchall_et_al2016
posterior-842,STATE_18149000,posterior.trees,true,sample,bayesian,years,Birchall_et_al2016
posterior-843,STATE_17642000,posterior.trees,true,sample,bayesian,years,Birchall_et_al2016
posterior-844,STATE_10195000,posterior.trees,true,sample,bayesian,years,Birchall_et_al2016
posterior-845,STATE_15630000,posterior.trees,true,sample,bayesian,years,Birchall_et_al2016
posterior-846,STATE_10804000,posterior.trees,true,sample,bayesian,years,Birchall_et_al2016
posterior-847,STATE_15921000,posterior.trees,true,sample,bayesian,years,Birchall_et_al2016
posterior-848,STATE_11607000,posterior.trees,true,sample,bayesian,years,Birchall_et_al2016
posterior-849,STATE_16303000,posterior.trees,true,sample,bayesian,years,Birchall_et_al2016
posterior-850,STATE_13517000,posterior.trees,true,sample,bayesian,years,Birchall_et_al2016
posterior-851,STATE_19644000,posterior.trees,true,sample,bayesian,years,Birchall_et_al2016
posterior-852,STATE_15538000,posterior.trees,true,sample,bayesian,years,Birchall_et_al2016
posterior-853,STATE_14386000,posterior.trees,true,sample,bayesian,years,Birchall_et_al2016
posterior-854,STATE_10996000,posterior.trees,true,sample,bayesian,years,Birchall_et_al2016
posterior-855,STATE_14036000,posterior.trees,true,sample,bayesian,years,Birchall_et_al2016
posterior-856,STATE_13753000,posterior.trees,true,sample,bayesian,years,Birchall_et_al2016
posterior-857,STATE_11434000,posterior.trees,true,sample,bayesian,years,Birchall_et_al2016
posterior-858,STATE_15127000,posterior.trees,true,sample,bayesian,years,Birchall_et_al2016
posterior-859,STATE_13491000,posterior.trees,true,sample,bayesian,years,Birchall_et_al2016
posterior-860,STATE_12764000,posterior.trees,true,sample,bayesian,years,Birchall_et_al2016
posterior-861,STATE_18203000,posterior.trees,true,sample,bayesian,years,Birchall_et_al2016
posterior-862,STATE_17837000,posterior.trees,true,sample,bayesian,years,Birchall_et_al2016
posterior-863,STATE_13629000,posterior.trees,true,sample,bayesian,years,Birchall_et_al2016
posterior-864,STATE_12320000,posterior.trees,true,sample,bayesian,years,Birchall_et_al2016
posterior-865,STATE_14400000,posterior.trees,true,sample,bayesian,years,Birchall_et_al2016
posterior-866,STATE_16069000,posterior.trees,true,sample,bayesian,years,Birchall_et_al2016
posterior-867,STATE_19438000,posterior.trees,true,sample,bayesian,years,Birchall_et_al2016
posterior-868,STATE_11310000,posterior.trees,true,sample,bayesian,years,Birchall_et_al2016
posterior-869,STATE_17267000,posterior.trees,true,sample,bayesian,years,Birchall_et_al2016
posterior-870,STATE_18667000,posterior.trees,true,sample,bayesian,years,Birchall_et_al2016
posterior-871,STATE_13967000,posterior.trees,true,sample,bayesian,years,Birchall_et_al2016
posterior-872,STATE_16593000,posterior.trees,true,sample,bayesian,years,Birchall_et_al2016
posterior-873,STATE_15606000,posterior.trees,true,sample,bayesian,years,Birchall_et_al2016
posterior-874,STATE_16521000,posterior.trees,true,sample,bayesian,years,Birchall_et_al2016
posterior-875,STATE_19681000,posterior.trees,true,sample,bayesian,years,Birchall_et_al2016
posterior-876,STATE_11928000,posterior.trees,true,sample,bayesian,years,Birchall_et_al2016
posterior-877,STATE_18297000,posterior.trees,true,sample,bayesian,years,Birchall_et_al2016
posterior-878,STATE_15649000,posterior.trees,true,sample,bayesian,years,Birchall_et_al2016
posterior-879,STATE_18418000,posterior.trees,true,sample,bayesian,years,Birchall_et_al2016
posterior-880,STATE_18097000,posterior.trees,true,sample,bayesian,years,Birchall_et_al2016
posterior-881,STATE_13570000,posterior.trees,true,sample,bayesian,years,Birchall_et_al2016
posterior-882,STATE_14429000,posterior.trees,true,sample,bayesian,years,Birchall_et_al2016
posterior-883,STATE_14307000,posterior.trees,true,sample,bayesian,years,Birchall_et_al2016
posterior-884,STATE_13612000,posterior.trees,true,sample,bayesian,years,Birchall_et_al2016
posterior-885,STATE_16211000,posterior.trees,true,sample,bayesian,years,Birchall_et_al2016
posterior-886,STATE_18977000,posterior.trees,true,sample,bayesian,years,Birchall_et_al2016
posterior-887,STATE_13163000,posterior.trees,true,sample,bayesian,years,Birchall_et_al2016
posterior-888,STATE_17365000,posterior.trees,true,sample,bayesian,years,Birchall_et_al2016
posterior-889,STATE_11956000,posterior.trees,true,sample,bayesian,years,Birchall_et_al2016
posterior-890,STATE_18831000,posterior.trees,true,sample,bayesian,years,Birchall_et_al2016
posterior-891,STATE_11383000,posterior.trees,true,sample,bayesian,years,Birchall_et_al2016
posterior-892,STATE_12946000,posterior.trees,true,sample,bayesian,years,Birchall_et_al2016
posterior-893,STATE_17891000,posterior.trees,true,sample,bayesian,years,Birchall_et_al2016
posterior-894,STATE_14911000,posterior.trees,true,sample,bayesian,years,Birchall_et_al2016
posterior-895,STATE_16924000,posterior.trees,true,sample,bayesian,years,Birchall_et_al2016
posterior-896,STATE_19874000,posterior.trees,true,sample,bayesian,years,Birchall_et_al2016
posterior-897,STATE_10662000,posterior.trees,true,sample,bayesian,years,Birchall_et_al2016
posterior-898,STATE_19030000,posterior.trees,true,sample,bayesian,years,Birchall_et_al2016
posterior-899,STATE_16124000,posterior.trees,true,sample,bayesian,years,Birchall_et_al2016
posterior-900,STATE_19601000,posterior.trees,true,sample,bayesian,years,Birchall_et_al2016
posterior-901,STATE_15179000,posterior.trees,true,sample,bayesian,years,Birchall_et_al2016
posterior-902,STATE_14594000,posterior.trees,true,sample,bayesian,years,Birchall_et_al2016
posterior-903,STATE_10548000,posterior.trees,true,sample,bayesian,years,Birchall_et_al2016
posterior-904,STATE_12756000,posterior.trees,true,sample,bayesian,years,Birchall_et_al2016
posterior-905,STATE_14351000,posterior.trees,true,sample,bayesian,years,Birchall_et_al2016
posterior-906,STATE_17739000,posterior.trees,true,sample,bayesian,years,Birchall_et_al2016
posterior-907,STATE_19748000,posterior.trees,true,sample,bayesian,years,Birchall_et_al2016
posterior-908,STATE_19841000,posterior.trees,true,sample,bayesian,years,Birchall_et_al2016
posterior-909,STATE_13222000,posterior.trees,true,sample,bayesian,years,Birchall_et_al2016
posterior-910,STATE_11703000,posterior.trees,true,sample,bayesian,years,Birchall_et_al2016
posterior-911,STATE_16042000,posterior.trees,true,sample,bayesian,years,Birchall_et_al2016
posterior-912,STATE_13231000,posterior.trees,true,sample,bayesian,years,Birchall_et_al2016
posterior-913,STATE_19342000,posterior.trees,true,sample,bayesian,years,Birchall_et_al2016
posterior-914,STATE_18369000,posterior.trees,true,sample,bayesian,years,Birchall_et_al2016
posterior-915,STATE_12223000,posterior.trees,true,sample,bayesian,years,Birchall_et_al2016
posterior-916,STATE_16317000,posterior.trees,true,sample,bayesian,years,Birchall_et_al2016
posterior-917,STATE_13488000,posterior.trees,true,sample,bayesian,years,Birchall_et_al2016
posterior-918,STATE_17746000,posterior.trees,true,sample,bayesian,years,Birchall_et_al2016
posterior-919,STATE_13226000,posterior.trees,true,sample,bayesian,years,Birchall_et_al2016
posterior-920,STATE_14713000,posterior.trees,true,sample,bayesian,years,Birchall_et_al2016
posterior-921,STATE_15886000,posterior.trees,true,sample,bayesian,years,Birchall_et_al2016
posterior-922,STATE_17366000,posterior.trees,true,sample,bayesian,years,Birchall_et_al2016
posterior-923,STATE_18403000,posterior.trees,true,sample,bayesian,years,Birchall_et_al2016
posterior-924,STATE_10410000,posterior.trees,true,sample,bayesian,years,Birchall_et_al2016
posterior-925,STATE_15123000,posterior.trees,true,sample,bayesian,years,Birchall_et_al2016
posterior-926,STATE_10781000,posterior.trees,true,sample,bayesian,years,Birchall_et_al2016
posterior-927,STATE_14641000,posterior.trees,true,sample,bayesian,years,Birchall_et_al2016
posterior-928,STATE_11253000,posterior.trees,true,sample,bayesian,years,Birchall_et_al2016
posterior-929,STATE_18220000,posterior.trees,true,sample,bayesian,years,Birchall_et_al2016
posterior-930,STATE_15444000,posterior.trees,true,sample,bayesian,years,Birchall_et_al2016
posterior-931,STATE_14243000,posterior.trees,true,sample,bayesian,years,Birchall_et_al2016
posterior-932,STATE_18815000,posterior.trees,true,sample,bayesian,years,Birchall_et_al2016
posterior-933,STATE_13609000,posterior.trees,true,sample,bayesian,years,Birchall_et_al2016
posterior-934,STATE_13406000,posterior.trees,true,sample,bayesian,years,Birchall_et_al2016
posterior-935,STATE_16163000,posterior.trees,true,sample,bayesian,years,Birchall_et_al2016
posterior-936,STATE_16567000,posterior.trees,true,sample,bayesian,years,Birchall_et_al2016
posterior-937,STATE_17148000,posterior.trees,true,sample,bayesian,years,Birchall_et_al2016
posterior-938,STATE_15025000,posterior.trees,true,sample,bayesian,years,Birchall_et_al2016
posterior-939,STATE_14424000,posterior.trees,true,sample,bayesian,years,Birchall_et_al2016
posterior-940,STATE_19771000,posterior.trees,true,sample,bayesian,years,Birchall_et_al2016
posterior-941,STATE_14286000,posterior.trees,true,sample,bayesian,years,Birchall_et_al2016
posterior-942,STATE_19387000,posterior.trees,true,sample,bayesian,years,Birchall_et_al2016
posterior-943,STATE_13946000,posterior.trees,true,sample,bayesian,years,Birchall_et_al2016
posterior-944,STATE_13196000,posterior.trees,true,sample,bayesian,years,Birchall_et_al2016
posterior-945,STATE_12971000,posterior.trees,true,sample,bayesian,years,Birchall_et_al2016
posterior-946,STATE_10643000,posterior.trees,true,sample,bayesian,years,Birchall_et_al2016
posterior-947,STATE_13068000,posterior.trees,true,sample,bayesian,years,Birchall_et_al2016
posterior-948,STATE_14530000,posterior.trees,true,sample,bayesian,years,Birchall_et_al2016
posterior-949,STATE_15256000,posterior.trees,true,sample,bayesian,years,Birchall_et_al2016
posterior-950,STATE_16056000,posterior.trees,true,sample,bayesian,years,Birchall_et_al2016
posterior-951,STATE_13386000,posterior.trees,true,sample,bayesian,years,Birchall_et_al2016
posterior-952,STATE_16021000,posterior.trees,true,sample,bayesian,years,Birchall_et_al2016
posterior-953,STATE_12781000,posterior.trees,true,sample,bayesian,years,Birchall_et_al2016
posterior-954,STATE_13239000,posterior.trees,true,sample,bayesian,years,Birchall_et_al2016
posterior-955,STATE_18431000,posterior.trees,true,sample,bayesian,years,Birchall_et_al2016
posterior-956,STATE_12549000,posterior.trees,true,sample,bayesian,years,Birchall_et_al2016
posterior-957,STATE_14212000,posterior.trees,true,sample,bayesian,years,Birchall_et_al2016
posterior-958,STATE_12266000,posterior.trees,true,sample,bayesian,years,Birchall_et_al2016
posterior-959,STATE_19919000,posterior.trees,true,sample,bayesian,years,Birchall_et_al2016
posterior-960,STATE_12587000,posterior.trees,true,sample,bayesian,years,Birchall_et_al2016
posterior-961,STATE_17926000,posterior.trees,true,sample,bayesian,years,Birchall_et_al2016
posterior-962,STATE_15154000,posterior.trees,true,sample,bayesian,years,Birchall_et_al2016
posterior-963,STATE_18257000,posterior.trees,true,sample,bayesian,years,Birchall_et_al2016
posterior-964,STATE_19314000,posterior.trees,true,sample,bayesian,years,Birchall_et_al2016
posterior-965,STATE_19361000,posterior.trees,true,sample,bayesian,years,Birchall_et_al2016
posterior-966,STATE_16618000,posterior.trees,true,sample,bayesian,years,Birchall_et_al2016
posterior-967,STATE_19551000,posterior.trees,true,sample,bayesian,years,Birchall_et_al2016
posterior-968,STATE_18594000,posterior.trees,true,sample,bayesian,years,Birchall_et_al2016
posterior-969,STATE_17832000,posterior.trees,true,sample,bayesian,years,Birchall_et_al2016
posterior-970,STATE_16626000,posterior.trees,true,sample,bayesian,years,Birchall_et_al2016
posterior-971,STATE_16404000,posterior.trees,true,sample,bayesian,years,Birchall_et_al2016
posterior-972,STATE_16552000,posterior.trees,true,sample,bayesian,years,Birchall_et_al2016
posterior-973,STATE_14058000,posterior.trees,true,sample,bayesian,years,Birchall_et_al2016
posterior-974,STATE_15120000,posterior.trees,true,sample,bayesian,years,Birchall_et_al2016
posterior-975,STATE_11201000,posterior.trees,true,sample,bayesian,years,Birchall_et_al2016
posterior-976,STATE_15178000,posterior.trees,true,sample,bayesian,years,Birchall_et_al2016
posterior-977,STATE_15320000,posterior.trees,true,sample,bayesian,years,Birchall_et_al2016
posterior-978,STATE_10443000,posterior.trees,true,sample,bayesian,years,Birchall_et_al2016
posterior-979,STATE_11455000,posterior.trees,true,sample,bayesian,years,Birchall_et_al2016
posterior-980,STATE_17237000,posterior.trees,true,sample,bayesian,years,Birchall_et_al2016
posterior-981,STATE_12891000,posterior.trees,true,sample,bayesian,years,Birchall_et_al2016
posterior-982,STATE_13618000,posterior.trees,true,sample,bayesian,years,Birchall_et_al2016
posterior-983,STATE_11166000,posterior.trees,true,sample,bayesian,years,Birchall_et_al2016
posterior-984,STATE_10025000,posterior.trees,true,sample,bayesian,years,Birchall_et_al2016
posterior-985,STATE_12128000,posterior.trees,true,sample,bayesian,years,Birchall_et_al2016
posterior-986,STATE_18523000,posterior.trees,true,sample,bayesian,years,Birchall_et_al2016
posterior-987,STATE_11731000,posterior.trees,true,sample,bayesian,years,Birchall_et_al2016
posterior-988,STATE_12542000,posterior.trees,true,sample,bayesian,years,Birchall_et_al2016
posterior-989,STATE_18316000,posterior.trees,true,sample,bayesian,years,Birchall_et_al2016
posterior-990,STATE_17874000,posterior.trees,true,sample,bayesian,years,Birchall_et_al2016
posterior-991,STATE_10900000,posterior.trees,true,sample,bayesian,years,Birchall_et_al2016
posterior-992,STATE_12363000,posterior.trees,true,sample,bayesian,years,Birchall_et_al2016
posterior-993,STATE_18818000,posterior.trees,true,sample,bayesian,years,Birchall_et_al2016
posterior-994,STATE_11399000,posterior.trees,true,sample,bayesian,years,Birchall_et_al2016
posterior-995,STATE_19696000,posterior.trees,true,sample,bayesian,years,Birchall_et_al2016
posterior-996,STATE_17309000,posterior.trees,true,sample,bayesian,years,Birchall_et_al2016
posterior-997,STATE_19662000,posterior.trees,true,sample,bayesian,years,Birchall_et_al2016
posterior-998,STATE_18546000,posterior.trees,true,sample,bayesian,years,Birchall_et_al2016
posterior-999,STATE_16762000,posterior.trees,true,sample,bayesian,years,Birchall_et_al2016
posterior-1000,STATE_13038000,posterior.trees,true,sample,bayesian,years,Birchall_et_al2016
